Title,Link
Mice in Bion-M 1 space mission: training and selection,https://www.ncbi.nlm.nih.gov/pmc/articles/PMC4136787/
"Microgravity induces pelvic bone loss through osteoclastic activity, osteocytic osteolysis, and osteoblastic cell cycle inhibition by CDKN1a/p21",https://www.ncbi.nlm.nih.gov/pmc/articles/PMC3630201/
Stem Cell Health and Tissue Regeneration in Microgravity,https://www.ncbi.nlm.nih.gov/pmc/articles/PMC11988870/
Microgravity Reduces the Differentiation and Regenerative Potential of Embryonic Stem Cells,https://www.ncbi.nlm.nih.gov/pmc/articles/PMC7998608/
Microgravity validation of a novel system for RNA isolation and multiplex quantitative real time PCR analysis of gene expression on the International Space Station,https://www.ncbi.nlm.nih.gov/pmc/articles/PMC5587110/
Spaceflight Modulates the Expression of Key Oxidative Stress and Cell Cycle Related Genes in Heart,https://www.ncbi.nlm.nih.gov/pmc/articles/PMC8396460/
Dose- and Ion-Dependent Effects in the Oxidative Stress Response to Space-Like Radiation Exposure in the Skeletal System,https://www.ncbi.nlm.nih.gov/pmc/articles/PMC5666799/
From the bench to exploration medicine: NASA life sciences translational research for human exploration and habitation missions.,https://www.ncbi.nlm.nih.gov/pmc/articles/PMC5460236/
High-precision method for cyclic loading of small-animal vertebrae to assess bone quality.,https://www.ncbi.nlm.nih.gov/pmc/articles/PMC6222041/
Effects of ex vivo ionizing radiation on collagen structure and whole-bone mechanical properties of mouse vertebrae.,https://www.ncbi.nlm.nih.gov/pmc/articles/PMC6813909/
Absence of gamma-sarcoglycan alters the response of p70S6 kinase to mechanical perturbation in murine skeletal muscle,https://www.ncbi.nlm.nih.gov/pmc/articles/PMC4095884/
AtRabD2b and AtRabD2c have overlapping functions in pollen development and pollen tube growth.,https://www.ncbi.nlm.nih.gov/pmc/articles/PMC3040128/
TNO1 is involved in salt tolerance and vacuolar trafficking in Arabidopsis.,https://www.ncbi.nlm.nih.gov/pmc/articles/PMC3177255/
Functional redundancy between trans-Golgi network SNARE family members in Arabidopsis thaliana.,https://www.ncbi.nlm.nih.gov/pmc/articles/PMC11500582/
Root growth movements: Waving and skewing.,https://www.ncbi.nlm.nih.gov/pmc/articles/PMC5387210/
Gravitropism and lateral root emergence are dependent on the trans-Golgi network protein TNO1,https://www.ncbi.nlm.nih.gov/pmc/articles/PMC4642138/
"TNO1, a TGN-localized SNARE-interacting protein, modulates root skewing in Arabidopsis thaliana.",https://www.ncbi.nlm.nih.gov/pmc/articles/PMC5387210/
The Drosophila SUN protein Spag4 cooperates with the coiled-coil protein Yuri Gagarin to maintain association of the basal body and spermatid nucleus.,https://www.ncbi.nlm.nih.gov/pmc/articles/PMC2915878/
Toll mediated infection response is altered by gravity and spaceflight in Drosophila,https://www.ncbi.nlm.nih.gov/pmc/articles/PMC3901686/
Multi-omics analysis of multiple missions to space reveal a theme of lipid dysregulation in mouse liver,https://www.ncbi.nlm.nih.gov/pmc/articles/PMC6985101/
GeneLab database analyses suggest long-term impact of space radiation on the cardiovascular system by the activation of FYN through reactive oxygen species.,https://www.ncbi.nlm.nih.gov/pmc/articles/PMC6387434/
FAIRness and usability for open-access omics data systems.,https://www.ncbi.nlm.nih.gov/pmc/articles/PMC6371294/
NASA GeneLab platform utilized for biological response to space radiation in animal models,https://www.ncbi.nlm.nih.gov/pmc/articles/PMC7072278/
Circulating miRNA spaceflight signature reveals targets for countermeasure development,https://www.ncbi.nlm.nih.gov/pmc/articles/PMC8441986/
Machine learning algorithm to characterize antimicrobial resistance associated with the International Space Station surface microbiome,https://www.ncbi.nlm.nih.gov/pmc/articles/PMC9400218/
Extraterrestrial Gynecology: Could Spaceflight Increase the Risk of Developing Cancer in Female Astronauts? An Updated Review,https://www.ncbi.nlm.nih.gov/pmc/articles/PMC9267413/
Muscle atrophy phenotype gene expression during spaceflight is linked to a metabolic crosstalk in both the liver and the muscle in mice.,https://www.ncbi.nlm.nih.gov/pmc/articles/PMC9576569/
Chromosomal positioning and epigenetic architecture influence DNA methylation patterns triggered by galactic cosmic radiation,https://www.ncbi.nlm.nih.gov/pmc/articles/PMC10789781/
"A comprehensive SARS-CoV-2 and COVID-19 review, Part 2: Host extracellular to systemic effects of SARS-CoV-2 infection",https://www.ncbi.nlm.nih.gov/pmc/articles/PMC10772081/
Aging and putative frailty biomarkers are altered by spaceflight,https://www.ncbi.nlm.nih.gov/pmc/articles/PMC11166946/
Space radiation damage rescued by inhibition of key spaceflight associated miRNAs,https://www.ncbi.nlm.nih.gov/pmc/articles/PMC11166944/
Ethical considerations for the age of non-governmental space exploration,https://www.ncbi.nlm.nih.gov/pmc/articles/PMC11166968/
Innate immune responses of Drosophila melanogaster are altered by spaceflight.,https://www.ncbi.nlm.nih.gov/pmc/articles/PMC7000411/
Prolonged Exposure to Microgravity Reduces Cardiac Contractility and Initiates Remodeling in Drosophila,https://www.ncbi.nlm.nih.gov/pmc/articles/PMC7787258/
Regulation of plant gravity sensing and signaling by the actin cytoskeleton.,https://www.ncbi.nlm.nih.gov/pmc/articles/PMC8716943/
HLB1 Is a Tetratricopeptide Repeat Domain-Containing Protein That Operates at the Intersection of the Exocytic and Endocytic Pathways at the TGN/EE in Arabidopsis,https://www.ncbi.nlm.nih.gov/pmc/articles/PMC4826010/
ERULUS is a plasma membrane-localized receptor-like kinase that specifies root hair growth by maintaining tip-focused cytoplasmic calcium oscillations.,https://www.ncbi.nlm.nih.gov/pmc/articles/PMC6048781/
Brassinosteroids inhibit autotropic root straightening by modifying filamentous-actin organization and dynamics.,https://www.ncbi.nlm.nih.gov/pmc/articles/PMC7010715/
Cell type-specific imaging of calcium signaling in Arabidopsis thaliana seedling roots using GCaMP3.,https://www.ncbi.nlm.nih.gov/pmc/articles/PMC7503278/
Spatial and temporal localization of SPIRRIG and WAVE/SCAR reveal roles for these proteins in actin-mediated root hair development.,https://www.ncbi.nlm.nih.gov/pmc/articles/PMC8364238/
Microgravity Stress: Bone and Connective Tissue,https://www.ncbi.nlm.nih.gov/pmc/articles/PMC11579474/
S. aureus MscL is a pentamer in vivo but of variable stoichiometries in vitro: implications for detergent-solubilized membrane proteins,https://www.ncbi.nlm.nih.gov/pmc/articles/PMC2998437/
Manipulating the permeation of charged compounds through the MscL nanovalve.,https://www.ncbi.nlm.nih.gov/pmc/articles/PMC3005423/
The oligomeric state of the truncated mechanosensitive channel of large conductance shows no variance in vivo.,https://www.ncbi.nlm.nih.gov/pmc/articles/PMC3190158/
Three routes to modulate the pore size of the MscL channel/nanovalve,https://www.ncbi.nlm.nih.gov/pmc/articles/PMC3289768/
The dynamics of protein-protein interactions between domains of MscL at the cytoplasmic-lipid interface,https://www.ncbi.nlm.nih.gov/pmc/articles/PMC3508904/
The MscS and MscL families of mechanosensitive channels act as microbial emergency release valves,https://www.ncbi.nlm.nih.gov/pmc/articles/PMC3430326/
Chimeras reveal a single lipid-interface residue that controls MscL channel kinetics as well as mechanosensitivity,https://www.ncbi.nlm.nih.gov/pmc/articles/PMC3593973/
Evidence for extensive horizontal gene transfer from the draft genome of a tardigrade,https://www.ncbi.nlm.nih.gov/pmc/articles/PMC5018776/
Reply to Bemm et al. and Arakawa: Identifying foreign genes in independent Hypsibius dujardini genome assemblies,https://www.ncbi.nlm.nih.gov/pmc/articles/PMC4896697/
Tardigrades Use Intrinsically Disordered Proteins to Survive Desiccation.,https://www.ncbi.nlm.nih.gov/pmc/articles/PMC11127935/
Desiccation of Hypsibius exemplaris,https://www.ncbi.nlm.nih.gov/pmc/articles/PMC11831363/
The biology of tardigrade disordered proteins in extreme stress tolerance.,https://www.ncbi.nlm.nih.gov/pmc/articles/PMC11930778/
Production of reactive oxygen species and involvement of bioprotectants during anhydrobiosis in the tardigrade Paramacrobiotus spatialis,https://www.ncbi.nlm.nih.gov/pmc/articles/PMC8816950/
Partial weight suspension: A novel murine model for investigating adaptation to reduced musculoskeletal loading.,https://www.ncbi.nlm.nih.gov/pmc/articles/PMC3774184/
"Partial reductions in mechanical loading yield proportional changes in bone density, bone architecture, and muscle mass",https://www.ncbi.nlm.nih.gov/pmc/articles/PMC4118556/
Spaceflight and hind limb unloading induce similar changes in electrical impedance characteristics of mouse gastrocnemius muscle,https://www.ncbi.nlm.nih.gov/pmc/articles/PMC4653813/
Spaceflight Activates Lipotoxic Pathways in Mouse Liver,https://www.ncbi.nlm.nih.gov/pmc/articles/PMC6915713/
Treatment with a soluble bone morphogenetic protein type 1A receptor (BMPR1A) fusion protein increases bone mass and bone formation in mice subjected to hindlimb unloading.,https://www.ncbi.nlm.nih.gov/pmc/articles/PMC6124165/
RNAseq and RNA molecular barcoding reveal differential gene expression in cortical bone following hindlimb unloading in female mice,https://www.ncbi.nlm.nih.gov/pmc/articles/PMC8509868/
Proteomic and phosphoproteomic characterization of cardiovascular tissues after long term exposure to simulated space radiation,https://www.ncbi.nlm.nih.gov/pmc/articles/PMC11063234/
Adaptive Changes in the Vestibular System of Land Snail to a 30-Day Spaceflight and Readaptation on Return to Earth,https://www.ncbi.nlm.nih.gov/pmc/articles/PMC5672023/
"Morphology of the Utricular Otolith Organ in the Toadfish, Opsanus tau",https://www.ncbi.nlm.nih.gov/pmc/articles/PMC5899691/
"Influence of Magnitude and Duration of Altered Gravity and Readaptation to 1g on the Structure and Function of the Utricle in Toadfish, Opsanus tau.",https://www.ncbi.nlm.nih.gov/pmc/articles/PMC6204554/
Organization of the ER-Golgi interface for membrane traffic control.,https://www.ncbi.nlm.nih.gov/pmc/articles/PMC4064004/
IRE1: ER stress sensor and cell fate executor.,https://www.ncbi.nlm.nih.gov/pmc/articles/PMC3818365/
Inter-regulation of the unfolded protein response and auxin signaling.,https://www.ncbi.nlm.nih.gov/pmc/articles/PMC3981873/
Endoplasmic reticulum-shape and function in stress translation,https://www.ncbi.nlm.nih.gov/pmc/articles/PMC4150462/
Galactose-depleted xycoglucan is dysfunctional and leads to dwarfism in Arabidopsis,https://www.ncbi.nlm.nih.gov/pmc/articles/PMC4378170/
"Unfolded protein response in plants: one master, many questions.",https://www.ncbi.nlm.nih.gov/pmc/articles/PMC4618186/
Vesicles versus Tubes: Is Endoplasmic Reticulum-Golgi Transport in Plants Fundamentally Different from Other Eukaryotes?,https://www.ncbi.nlm.nih.gov/pmc/articles/PMC4453782/
Pectin methylesterification impacts the relationship between photosynthesis and plant growth.,https://www.ncbi.nlm.nih.gov/pmc/articles/PMC4902601/
Reduced Chloroplast Coverage genes from Arabidopsis thaliana help to establish the size of the chloroplast compartment,https://www.ncbi.nlm.nih.gov/pmc/articles/PMC4776492/
Maintaining the factory: The roles of the unfolded protein response in cellular homeostasis in plants.,https://www.ncbi.nlm.nih.gov/pmc/articles/PMC5415411/
NADPH oxidase activity is required for ER stress survival in plants.,https://www.ncbi.nlm.nih.gov/pmc/articles/PMC6289879/
Relevance of the Unfolded Protein Response to Spaceflight-Induced Transcriptional Reprogramming in Arabidopsis,https://www.ncbi.nlm.nih.gov/pmc/articles/PMC7987364/
Reanalysis of the Mars500 experiment reveals common gut microbiome alterations in astronauts induced by long-duration confinement,https://www.ncbi.nlm.nih.gov/pmc/articles/PMC8099722/
"High atomic weight, high-energy radiation (HZE) induces transcriptional responses shared with conventional stresses in addition to a core ""DSB"" response specific to clastogenic treatments",https://www.ncbi.nlm.nih.gov/pmc/articles/PMC5116466/
Genomic stability in response to high versus low linear energy transfer radiation in Arabidopsis thaliana,https://www.ncbi.nlm.nih.gov/pmc/articles/PMC4033213/
Acceleration profiles and processing methods for parabolic flight.,https://www.ncbi.nlm.nih.gov/pmc/articles/PMC6081456/
Cytoskeleton structure and total methylation of mouse cardiac and lung tissue during space flight.,https://www.ncbi.nlm.nih.gov/pmc/articles/PMC5955502/
Toward countering muscle and bone loss with spaceflight: GSK3 as a potential target,https://www.ncbi.nlm.nih.gov/pmc/articles/PMC10285634/
Spaceflight increases sarcoplasmic reticulum Ca2+ leak and this cannot be counteracted with BuOE treatment,https://www.ncbi.nlm.nih.gov/pmc/articles/PMC11271499/
Cardiovascular progenitor cells cultured aboard the International Space Station exhibit altered developmental and functional properties,https://www.ncbi.nlm.nih.gov/pmc/articles/PMC6062551/
Inter-agency perspective: Translating advances in biomarker discovery and medical countermeasures development between terrestrial and space radiation environments,https://www.ncbi.nlm.nih.gov/pmc/articles/PMC9832585/
Genomic and functional characterization of Enterococcus faecalis isolates recovered from the International Space Station and their potential for pathogenicity,https://www.ncbi.nlm.nih.gov/pmc/articles/PMC7829349/
Evaluation of in vitro macrophage differentiation during space flight.,https://www.ncbi.nlm.nih.gov/pmc/articles/PMC3570223/
Identification of critical host mitochondrion-associated genes during Ehrlichia chaffeensis infections,https://www.ncbi.nlm.nih.gov/pmc/articles/PMC3457586/
Ehrlichia chaffeensis replication sites in adult Drosophila melanogaster.,https://www.ncbi.nlm.nih.gov/pmc/articles/PMC3558598/
Development and characterization of two porcine monocyte-derived macrophage cell lines.,https://www.ncbi.nlm.nih.gov/pmc/articles/PMC11046949/
Understanding macrophage differentiation during space flight: The importance of ground-based experiments before space flight,https://www.ncbi.nlm.nih.gov/pmc/articles/PMC3890248/
Bone marrow leptin signaling mediates obesity-associated adipose tissue inflammation in male mice.,https://www.ncbi.nlm.nih.gov/pmc/articles/PMC3868799/
Establishment and characterization of DB-1: a leptin receptor-deficient murine macrophage cell line,https://www.ncbi.nlm.nih.gov/pmc/articles/PMC4960141/
Validation of methods to assess the immunoglobulin gene repertoire in tissues obtained from mice on the International Space Station.,https://www.ncbi.nlm.nih.gov/pmc/articles/PMC5736159/
Characterization of the naive murine antibody repertoire using unamplified high-throughput sequencing,https://www.ncbi.nlm.nih.gov/pmc/articles/PMC5761896/
Effects of spaceflight on the immunoglobulin repertoire of unimmunized C57BL/6 mice,https://www.ncbi.nlm.nih.gov/pmc/articles/PMC5826609/
A comparison of unamplified and massively multiplexed PCR amplification for murine antibody repertoire sequencing.,https://www.ncbi.nlm.nih.gov/pmc/articles/PMC6366624/
Effects of skeletal unloading on the antibody repertoire of tetanus toxoid and/or CpG treated C57BL/6J mice.,https://www.ncbi.nlm.nih.gov/pmc/articles/PMC11929063/
Effects of skeletal unloading on the bone marrow antibody repertoire of tetanus toxoid and/or CpG treated C57BL/6J mice.,https://www.ncbi.nlm.nih.gov/pmc/articles/PMC11929063/
An Analysis of the Effects of Spaceflight and Vaccination on Antibody Repertoire Diversity,https://www.ncbi.nlm.nih.gov/pmc/articles/PMC10996920/
Effects of spaceflight aboard the International Space Station on mouse estrous cycle and ovarian gene expression,https://www.ncbi.nlm.nih.gov/pmc/articles/PMC7954810/
Effect of spaceflight on Pseudomonas aeruginosa final cell density is modulated by nutrient and oxygen availability.,https://www.ncbi.nlm.nih.gov/pmc/articles/PMC4228280/
Spaceflight promotes biofilm formation by Pseudomonas aeruginosa.,https://www.ncbi.nlm.nih.gov/pmc/articles/PMC3639165/
GeneLab: Omics database for spaceflight experiments,https://www.ncbi.nlm.nih.gov/pmc/articles/PMC8044432/
NASA GeneLab: Interfaces for the exploration of space omics data,https://www.ncbi.nlm.nih.gov/pmc/articles/PMC7778922/
Comprehensive multi-omics analysis reveals mitochondrial stress as a central biological hub for spaceflight impact,https://www.ncbi.nlm.nih.gov/pmc/articles/PMC7870178/
A New Era for Space Life Science: International Standards for Space Omics Processing,https://www.ncbi.nlm.nih.gov/pmc/articles/PMC7733874/
Knowledge Network Embedding of Transcriptomic Data from Spaceflown Mice Uncovers Signs and Symptoms Associated with Terrestrial Diseases,https://www.ncbi.nlm.nih.gov/pmc/articles/PMC7828077/
NASA GeneLab RNA-Seq Consensus Pipeline: Standardized Processing of Short-Read RNA-Seq Data,https://www.ncbi.nlm.nih.gov/pmc/articles/PMC8044432/
Spatially resolved multiomics on the neuronal effects induced by spaceflight in mice,https://www.ncbi.nlm.nih.gov/pmc/articles/PMC11166911/
Biological horizons: pioneering open science in the cosmos,https://www.ncbi.nlm.nih.gov/pmc/articles/PMC11167097/
Inspiration4 data access through the NASA Open Science Data Repository,https://www.ncbi.nlm.nih.gov/pmc/articles/PMC11094041/
NASA GeneLab derived microarray studies of Mus musculus and Homo sapiens organisms in altered gravitational conditions.,https://www.ncbi.nlm.nih.gov/pmc/articles/PMC11053165/
Celebrating 30 years of access to NASA space life sciences data,https://www.ncbi.nlm.nih.gov/pmc/articles/PMC11403809/
Dichotomous effects on lymphatic transport with loss of caveolae in mice.,https://www.ncbi.nlm.nih.gov/pmc/articles/PMC8513672/
Fungal diversity differences in the indoor dust microbiome from built environments on Earth and in space.,https://www.ncbi.nlm.nih.gov/pmc/articles/PMC11126634/
Predicting how varying moisture conditions impact the microbiome of dust collected from the International Space Station,https://www.ncbi.nlm.nih.gov/pmc/articles/PMC11386075/
Aging and estrogen status: A possible endothelium-dependent vascular coupling mechanism in bone remodeling.,https://www.ncbi.nlm.nih.gov/pmc/articles/PMC3502426/
Chronic skeletal unloading of the rat femur: mechanisms and functional consequences of vascular remodeling.,https://www.ncbi.nlm.nih.gov/pmc/articles/PMC3856860/
Differential effects of aging and exercise on intra-abdominal adipose arteriolar function and blood flow regulation.,https://www.ncbi.nlm.nih.gov/pmc/articles/PMC3615599/
Effects of spaceflight and ground recovery on mesenteric artery and vein constrictor properties in mice.,https://www.ncbi.nlm.nih.gov/pmc/articles/PMC4050424/
"Spaceflight-induced alterations in cerebral artery vasoconstrictor, mechanical, and structural properties: Implications for elevated cerebral perfusion and intracranial pressure",https://www.ncbi.nlm.nih.gov/pmc/articles/PMC3659353/
Exercise training augments regional bone and marrow blood flow during exercise.,https://www.ncbi.nlm.nih.gov/pmc/articles/PMC4169763/
Effects of Skeletal Unloading on the Vasomotor Properties of the Rat Femur Principal Nutrient Artery,https://www.ncbi.nlm.nih.gov/pmc/articles/PMC4398884/
Type 2 diabetes alters bone and marrow blood flow and vascular control mechanisms in the ZDF rat.,https://www.ncbi.nlm.nih.gov/pmc/articles/PMC4379453/
Spaceflight on the Bion-M1 biosatellite alters cerebral artery vasomotor and mechanical properties in mice,https://www.ncbi.nlm.nih.gov/pmc/articles/PMC4385880/
Apollo Lunar Astronauts Show Higher Cardiovascular Disease Mortality: Possible Deep Space Radiation Effects on the Vascular Endothelium,https://www.ncbi.nlm.nih.gov/pmc/articles/PMC4964660/
Effects of age and exercise training on coronary microvascular smooth muscle phenotype and function,https://www.ncbi.nlm.nih.gov/pmc/articles/PMC5866446/
Impact of Spaceflight and Artificial Gravity on the Mouse Retina: Biochemical and Proteomic Analysis.,https://www.ncbi.nlm.nih.gov/pmc/articles/PMC6165321/
Simulated microgravity induces regionally distinct neurovascular and structural remodeling of skeletal muscle and cutaneous arteries in the rat,https://www.ncbi.nlm.nih.gov/pmc/articles/PMC7339929/
Spaceflight decelerates the epigenetic clock orchestrated with a global alteration in DNA methylome and transcriptome in the mouse retina,https://www.ncbi.nlm.nih.gov/pmc/articles/PMC8220224/
Development of otolith receptors in Japanese quail.,https://www.ncbi.nlm.nih.gov/pmc/articles/PMC2910419/
Spatial and temporal characteristics of vestibular convergence,https://www.ncbi.nlm.nih.gov/pmc/articles/PMC3166430/
Bone remodeling is regulated by inner ear vestibular signals,https://www.ncbi.nlm.nih.gov/pmc/articles/PMC6615562/
Simulated Microgravity Enhances Oligodendrocyte Mitochondrial Function and Lipid Metabolism,https://www.ncbi.nlm.nih.gov/pmc/articles/PMC7324008/
Human Neural Stem Cells Flown into Space Proliferate and Generate Young Neurons,https://www.ncbi.nlm.nih.gov/pmc/articles/PMC8412175/
Delayed Maturation of Oligodendrocyte Progenitors by Microgravity: Implications for Multiple Sclerosis and Space Flight,https://www.ncbi.nlm.nih.gov/pmc/articles/PMC10607959/
Space Microgravity Alters Neural Stem Cell Division: Implications for Brain Cancer Research on Earth and in Space,https://www.ncbi.nlm.nih.gov/pmc/articles/PMC9699585/
Oligodendrocyte Progenitors Display Enhanced Proliferation and Autophagy after Space Flight,https://www.ncbi.nlm.nih.gov/pmc/articles/PMC9953055/
Metabolomics profile of the secretome of space-flown oligodendrocytes.,https://www.ncbi.nlm.nih.gov/pmc/articles/PMC10528075/
Metabolomic profiling of the secretome from human neural stem cells flown into space.,https://www.ncbi.nlm.nih.gov/pmc/articles/PMC10813126/
"Strategies, research priorities, and challenges for the exploration of space beyond low-Earth orbit",https://www.ncbi.nlm.nih.gov/pmc/articles/PMC10390562/
Spaceflight Induces Specific Alterations in the Proteomes of Arabidopsis,https://www.ncbi.nlm.nih.gov/pmc/articles/PMC4290804/
The effect of spaceflight on the gravity-sensing auxin gradient of roots: GFP reporter gene microscopy on orbit.,https://www.ncbi.nlm.nih.gov/pmc/articles/PMC5515520/
Skewing in Arabidopsis roots involves disparate environmental signaling pathways.,https://www.ncbi.nlm.nih.gov/pmc/articles/PMC5286820/
"Data for characterization of SALK_084889, a T-DNA insertion line of Arabidopsis thaliana",https://www.ncbi.nlm.nih.gov/pmc/articles/PMC5470433/
Genetic dissection of the Arabidopsis spaceflight transcriptome: Are some responses dispensable for the physiological adaptation of plants to spaceflight?,https://www.ncbi.nlm.nih.gov/pmc/articles/PMC5491145/
Phenotypic characterization of an Arabidopsis T- DNA insertion line SALK_063500,https://www.ncbi.nlm.nih.gov/pmc/articles/PMC5996828/
Utilization of single‚Äêimage normalized difference vegetation index (SI‚ÄêNDVI) for early plant stress detection,https://www.ncbi.nlm.nih.gov/pmc/articles/PMC6201722/
Comparing RNA-Seq and microarray gene expression data in two zones of the Arabidopsis root apex relevant to spaceflight.,https://www.ncbi.nlm.nih.gov/pmc/articles/PMC6240453/
Spaceflight-induced alternative splicing during seedling development in Arabidopsis thaliana.,https://www.ncbi.nlm.nih.gov/pmc/articles/PMC6447593/
The Plant Health Monitoring System of the EDEN ISS Space Greenhouse in Antarctica during the 2018 experiment phase,https://www.ncbi.nlm.nih.gov/pmc/articles/PMC7264257/
Root skewing-associated genes impact the spaceflight response of Arabidopsis thaliana.,https://www.ncbi.nlm.nih.gov/pmc/articles/PMC7064724/
Articular cartilage and sternal fibrocartilage respond differently to extended microgravity.,https://www.ncbi.nlm.nih.gov/pmc/articles/PMC6379395/
Host-microbe interactions in microgravity: assessment and implications.,https://www.ncbi.nlm.nih.gov/pmc/articles/PMC4187166/
Environmental cues and symbiont microbe-associated molecular patterns function in concert to drive the daily remodelling of the crypt-cell brush border of the Euprymna scolopes light organ,https://www.ncbi.nlm.nih.gov/pmc/articles/PMC5219934/
Symbiotic organs shaped by distinct modes of genome evolution in cephalopods.,https://www.ncbi.nlm.nih.gov/pmc/articles/PMC6386654/
Modeled microgravity alters lipopolysaccharide and outer membrane vesicle production of the beneficial symbiont Vibrio fischeri,https://www.ncbi.nlm.nih.gov/pmc/articles/PMC7940393/
Emergence of novel cephalopod gene regulation and expression through large-scale genome reorganization,https://www.ncbi.nlm.nih.gov/pmc/articles/PMC9023564/
Modeled microgravity alters apoptotic gene expression and caspase activity in the squid-vibrio symbiosis,https://www.ncbi.nlm.nih.gov/pmc/articles/PMC9389742/
In vitro generation of mechanically functional cartilage grafts based on adult human stem cells and 3D-woven poly(epsilon-caprolactone) scaffolds,https://www.ncbi.nlm.nih.gov/pmc/articles/PMC2824534/
Chondrogenesis and mineralization during in vitro culture of human mesenchymal stem cells on three-dimensional woven scaffolds,https://www.ncbi.nlm.nih.gov/pmc/articles/PMC2991213/
Microbiome metadata standards: Report of the National Microbiome Data Collaborative's workshop and follow-on activities.,https://www.ncbi.nlm.nih.gov/pmc/articles/PMC8269219/
Spaceflight alters host-gut microbiota interactions,https://www.ncbi.nlm.nih.gov/pmc/articles/PMC11362537/
Asparagine biosynthesis as a mechanism of increased host lethality induced by Serratia marcescens in simulated microgravity environments,https://www.ncbi.nlm.nih.gov/pmc/articles/PMC9111996/
Comparative genomic analysis of Cohnella hashimotonis sp. nov. isolated from the International Space Station.,https://www.ncbi.nlm.nih.gov/pmc/articles/PMC10308117/
Characterization of metagenome-assembled genomes from the International Space Station,https://www.ncbi.nlm.nih.gov/pmc/articles/PMC10233975/
Biocontrol in built environments to reduce pathogen exposure and infection risk.,https://www.ncbi.nlm.nih.gov/pmc/articles/PMC10848226/
Extracellular nucleotides elicit cytosolic free calcium oscillations in Arabidopsis.,https://www.ncbi.nlm.nih.gov/pmc/articles/PMC3329368/
"Calcium, mechanical signaling, and tip growth",https://www.ncbi.nlm.nih.gov/pmc/articles/PMC12008199/
Gravitropism and mechanical signaling in plants.,https://www.ncbi.nlm.nih.gov/pmc/articles/PMC12008199/
"Salt stress-induced Ca2+ waves are associated with rapid, long-distance root-to-shoot signaling in plants.",https://www.ncbi.nlm.nih.gov/pmc/articles/PMC4035928/
Gravitropic signaling in plants,https://www.ncbi.nlm.nih.gov/pmc/articles/PMC12008199/
Wortmannin-induced vacuole fusion enhances amyloplast dynamics in Arabidopsis zigzag1 hypocotyls.,https://www.ncbi.nlm.nih.gov/pmc/articles/PMC5181587/
A ROS-assisted calcium wave dependent on AtRBOHD and TPC1 propagates the systemic response to salt stress in Arabidopsis roots,https://www.ncbi.nlm.nih.gov/pmc/articles/PMC4936552/
"ROS, calcium and electric signals: Key mediators of rapid systemic signaling in plants",https://www.ncbi.nlm.nih.gov/pmc/articles/PMC7610290/
Real-time In Vivo Recording of Arabidopsis Calcium Signals During Insect Feeding Using a Fluorescent Biosensor,https://www.ncbi.nlm.nih.gov/pmc/articles/PMC5614317/
"Orchestrating rapid long-distance signaling in plants with Ca2+ , ROS, and electrical signals",https://www.ncbi.nlm.nih.gov/pmc/articles/PMC5677518/
"Glutamate triggers long-distance, calcium-based plant defense signaling.",https://www.ncbi.nlm.nih.gov/pmc/articles/PMC11850895/
Test of Arabidopsis Space Transcriptome: A discovery environment to explore multiple plant biology spaceflight experiments.,https://www.ncbi.nlm.nih.gov/pmc/articles/PMC7076552/
Tonoplast-localized Ca2+ pumps regulate Ca2+ signals during pattern-triggered immunity in Arabidopsis thaliana.,https://www.ncbi.nlm.nih.gov/pmc/articles/PMC7414185/
The fast and the furious: Rapid long-range signaling in plants.,https://www.ncbi.nlm.nih.gov/pmc/articles/PMC8133610/
Rad-Bio-App: A discovery environment for biologists to explore spaceflight-related radiation exposures,https://www.ncbi.nlm.nih.gov/pmc/articles/PMC8113475/
The vacuolar H+/Ca transporter CAX1 participates in submergence and anoxia stress responses.,https://www.ncbi.nlm.nih.gov/pmc/articles/PMC9706465/
Meta-analysis of the space flight and microgravity response of the Arabidopsis plant transcriptome,https://www.ncbi.nlm.nih.gov/pmc/articles/PMC10027818/
"Low-dose, ionizing radiation and age-related changes in skeletal microarchitecture",https://www.ncbi.nlm.nih.gov/pmc/articles/PMC3337602/
Ionizing Radiation Stimulates Expression of Pro-Osteoclastogenic Genes in Marrow and Skeletal Tissue,https://www.ncbi.nlm.nih.gov/pmc/articles/PMC4490751/
Preservation of Multiple Mammalian Tissues to Maximize Science Return from Ground Based and Spaceflight Experiments,https://www.ncbi.nlm.nih.gov/pmc/articles/PMC5132293/
Hindlimb Unloading: Rodent Analog for Microgravity,https://www.ncbi.nlm.nih.gov/pmc/articles/PMC11747068/
Redox Signaling and Its Impact on Skeletal and Vascular Responses to Spaceflight,https://www.ncbi.nlm.nih.gov/pmc/articles/PMC5666834/
Influence of social isolation during prolonged simulated weightlessness by hindlimb unloading,https://www.ncbi.nlm.nih.gov/pmc/articles/PMC6753329/
Validation of a new Rodent experimental System to investigate consequences of Long Duration Space Habitation,https://www.ncbi.nlm.nih.gov/pmc/articles/PMC7012842/
Skeletal tissue regulation by catalase over-expression in mitochondria,https://www.ncbi.nlm.nih.gov/pmc/articles/PMC4405755/
Overexpression of catalase in mitochondria mitigates changes in hippocampal cytokine expression following simulated microgravity and isolation.,https://www.ncbi.nlm.nih.gov/pmc/articles/PMC8260663/
An extensive allelic series of Drosophila kae1 mutants reveals diverse and tissue-specific requirements for t6A biogenesis,https://www.ncbi.nlm.nih.gov/pmc/articles/PMC4647464/
Novel Organelles with Elements of Bacterial and Eukaryotic Secretion Systems Weaponize Parasites of Drosophila,https://www.ncbi.nlm.nih.gov/pmc/articles/PMC5659752/
A combined computational strategy of sequence and structural analysis predicts the existence of a functional eicosanoid pathway in Drosophila melanogaster.,https://www.ncbi.nlm.nih.gov/pmc/articles/PMC6372189/
Immune suppressive extracellular vesicle proteins of Leptopilina heterotoma are encoded in the wasp genome.,https://www.ncbi.nlm.nih.gov/pmc/articles/PMC6945029/
Spaceflight and simulated microgravity conditions increase virulence of Serratia marcescens in the Drosophila melanogaster infection model.,https://www.ncbi.nlm.nih.gov/pmc/articles/PMC7000411/
A parasitoid wasp of Drosophila employs preemptive and reactive strategies to deplete its host's blood cells,https://www.ncbi.nlm.nih.gov/pmc/articles/PMC8191917/
In Silico Analysis of a Drosophila Parasitoid Venom Peptide Reveals Prevalence of the Cation‚ÄìPolar‚ÄìCation Clip Motif in Knottin Proteins,https://www.ncbi.nlm.nih.gov/pmc/articles/PMC9865768/
Drosophila parasitoids go to space: Unexpected effects of spaceflight on hosts and their parasitoids.,https://www.ncbi.nlm.nih.gov/pmc/articles/PMC10797188/
Drosophila parasitoids go to space: Unexpected effects of spaceflight on hosts and their parasitoids,https://www.ncbi.nlm.nih.gov/pmc/articles/PMC10797188/
Simultaneous exposure of cultured human lymphoblastic cells to simulated microgravity and radiation increases chromosome aberrations,https://www.ncbi.nlm.nih.gov/pmc/articles/PMC7555395/
Genes required for survival in microgravity revealed by genome-wide yeast deletion collections cultured during spaceflight.,https://www.ncbi.nlm.nih.gov/pmc/articles/PMC4309212/
Physical Forces Modulate Oxidative Status and Stress Defense Meditated Metabolic Adaptation of Yeast Colonies: Spaceflight and Microgravity Simulations,https://www.ncbi.nlm.nih.gov/pmc/articles/PMC6560652/
Effects of space flight on mouse liver versus kidney: Gene pathway analyses.,https://www.ncbi.nlm.nih.gov/pmc/articles/PMC6321533/
Yeast in Space,https://www.ncbi.nlm.nih.gov/pmc/articles/PMC12040010/
Endocrine Effects of Space Flight,https://www.ncbi.nlm.nih.gov/pmc/articles/PMC11833055/
Role of shear stress on renal proximal tubular cells for nephrotoxicity assays,https://www.ncbi.nlm.nih.gov/pmc/articles/PMC9146534/
Bone hemodynamic responses to changes in external pressure.,https://www.ncbi.nlm.nih.gov/pmc/articles/PMC11492218/
Back pain in space and post-flight spine injury: Mechanisms and countermeasure development,https://www.ncbi.nlm.nih.gov/pmc/articles/PMC6339989/
Fifteen days of microgravity causes growth in calvaria of mice,https://www.ncbi.nlm.nih.gov/pmc/articles/PMC4110898/
Altered disc compression in children with idiopathic low back pain: an upright magnetic resonance imaging backpack study,https://www.ncbi.nlm.nih.gov/pmc/articles/PMC3947616/
Spaceflight-induced bone loss alters failure mode and reduces bending strength in murine spinal segments.,https://www.ncbi.nlm.nih.gov/pmc/articles/PMC5477841/
Spaceflight-associated vascular remodeling and gene expression in mouse calvaria.,https://www.ncbi.nlm.nih.gov/pmc/articles/PMC9139491/
"Exposure of Mycobacterium marinum to low-shear modeled microgravity: Effect on growth, the transcriptome and survival under stress.",https://www.ncbi.nlm.nih.gov/pmc/articles/PMC5515531/
Effects of mechanostimulation on gravitropism and signal persistence in flax roots.,https://www.ncbi.nlm.nih.gov/pmc/articles/PMC3258067/
Oxygen dependency of germinating Brassica seeds.,https://www.ncbi.nlm.nih.gov/pmc/articles/PMC10025027/
"Desiccation mitigates heat stress in the resurrection fern, Pleopeltis polypodioides",https://www.ncbi.nlm.nih.gov/pmc/articles/PMC7733933/
Transcription profile of auxin related genes during positively gravitropic hypocotyl curvature of Brassica rapa.,https://www.ncbi.nlm.nih.gov/pmc/articles/PMC9105288/
High-gradient magnetic fields and starch metabolism: Results from a space experiment.,https://www.ncbi.nlm.nih.gov/pmc/articles/PMC9617909/
Lipid rafts and plant gravisensitivity.,https://www.ncbi.nlm.nih.gov/pmc/articles/PMC9695138/
Expression and characterization of the bacterial mechanosensitive channel MscS in Xenopus laevis oocytes,https://www.ncbi.nlm.nih.gov/pmc/articles/PMC3503204/
United in Diversity: Mechanosensitive Ion Channels in Plants,https://www.ncbi.nlm.nih.gov/pmc/articles/PMC5896955/
Expressing and Characterizing Mechanosensitive Channels in Xenopus Oocytes,https://www.ncbi.nlm.nih.gov/pmc/articles/PMC4469364/
The ongoing search for the molecular basis of plant osmosensing,https://www.ncbi.nlm.nih.gov/pmc/articles/PMC4411250/
Plastid osmotic stress influences cell differentiation at the plant shoot apex.,https://www.ncbi.nlm.nih.gov/pmc/articles/PMC5047659/
Spaceflight-induced synaptic modifications within hair cells of the mammalian utricle.,https://www.ncbi.nlm.nih.gov/pmc/articles/PMC5454470/
Effects of angular frequency during clinorotation on mesenchymal stem cell morphology and migration,https://www.ncbi.nlm.nih.gov/pmc/articles/PMC5515506/
"The role of FGF-2 and BMP-2 in regulation of gene induction, cell proliferation and mineralization.",https://www.ncbi.nlm.nih.gov/pmc/articles/PMC3044105/
"Nutritional supplements, COX-2 and IGF-1 expression in men on active surveillance for prostate cancer.",https://www.ncbi.nlm.nih.gov/pmc/articles/PMC3002170/
To Infinity and Beyond! Human spaceflight and life science.,https://www.ncbi.nlm.nih.gov/pmc/articles/PMC6188462/
Hyperoxia inhibits T cell activation in mice,https://www.ncbi.nlm.nih.gov/pmc/articles/PMC11470607/
"Effects of gravitational mechanical unloading in endothelial cells: association between caveolins, inflammation and adhesion molecules",https://www.ncbi.nlm.nih.gov/pmc/articles/PMC3603133/
n-3 Polyunsaturated fatty acids supplementation in peripheral artery disease: the OMEGA-PAD trial,https://www.ncbi.nlm.nih.gov/pmc/articles/PMC6462350/
Molecular mechanisms underlying the enhanced functions of three-dimensional hepatocyte aggregates,https://www.ncbi.nlm.nih.gov/pmc/articles/PMC4012541/
Spaceflight alters expression of microRNA during T-cell activation,https://www.ncbi.nlm.nih.gov/pmc/articles/PMC4653058/
Spaceflight impairs antigen-specific tolerance induction in vivo and increases inflammatory cytokines.,https://www.ncbi.nlm.nih.gov/pmc/articles/PMC6137544/
"From cellular mechanotransduction to biologically inspired engineering: 2009 Pritzker Award Lecture, BMES Annual Meeting October 10, 2009.",https://www.ncbi.nlm.nih.gov/pmc/articles/PMC2913424/
Crewmember microbiome may influence microbial composition of ISS habitable surfaces,https://www.ncbi.nlm.nih.gov/pmc/articles/PMC7190111/
Sierra Nevada sweep: Metagenomic measurements of bioaerosols vertically distributed across the troposphere.,https://www.ncbi.nlm.nih.gov/pmc/articles/PMC7382458/
Draft Genome Sequences of Fungi Isolated from the International Space Station during the Microbial Tracking-2 Experiment,https://www.ncbi.nlm.nih.gov/pmc/articles/PMC8444978/
"Microbial tracking-2, a metagenomics analysis of bacteria and fungi onboard the International Space Station.",https://www.ncbi.nlm.nih.gov/pmc/articles/PMC9241228/
Detection of Target Genes for Drug Repurposing to Treat Skeletal Muscle Atrophy in Mice Flown in Spaceflight,https://www.ncbi.nlm.nih.gov/pmc/articles/PMC8953707/
Release of CD36-associated cell-free mitochondrial DNA and RNA as a hallmark of space environment response,https://www.ncbi.nlm.nih.gov/pmc/articles/PMC11166646/
Increasing the number of unloading/reambulation cycles does not adversely impac body composition and lumbar bone mineral density but reduces tissue sensitivity,https://www.ncbi.nlm.nih.gov/pmc/articles/PMC3747666/
Bone shaft bending strength index is unaffected by exercise and unloading in mice,https://www.ncbi.nlm.nih.gov/pmc/articles/PMC4337661/
Focal enhancement of the skeleton to exercise correlates to mesenchymal stem cell responsivity rather than peak external forces.,https://www.ncbi.nlm.nih.gov/pmc/articles/PMC4631774/
"Cytoskeletal configuration modulates mechanically induced changes in mesenchymal stem cell osteogenesis, morphology, and stiffness.",https://www.ncbi.nlm.nih.gov/pmc/articles/PMC5052530/
Genetic and tissue level muscle-bone interactions during unloading and reambulation.,https://www.ncbi.nlm.nih.gov/pmc/articles/PMC5114340/
Osteocyte apoptosis caused by hindlimb unloading is required to trigger osteocyte RANKL production and subsequent resorption of cortical and trabecular bone in mice femurs.,https://www.ncbi.nlm.nih.gov/pmc/articles/PMC5488280/
Differential Single Cell Responses of Embryonic Stem Cells Versus Embryoid Bodies to Gravity Mechanostimulation,https://www.ncbi.nlm.nih.gov/pmc/articles/PMC9293686/
Macrophages inhibit Aspergillus fumigatus germination and neutrophil-mediated fungal killing.,https://www.ncbi.nlm.nih.gov/pmc/articles/PMC6091969/
Contributions of spore secondary metabolites to UV-C protection and virulence vary in different Aspergillus fumigatus strains,https://www.ncbi.nlm.nih.gov/pmc/articles/PMC7029147/
Regulation of hemocytes in Drosophila requires dappled cytochrome b5.,https://www.ncbi.nlm.nih.gov/pmc/articles/PMC3092937/
A novel phototropic response to red light is revealed in microgravity.,https://www.ncbi.nlm.nih.gov/pmc/articles/PMC5748516/
Plant cell proliferation and growth are altered by microgravity conditions in spaceflight.,https://www.ncbi.nlm.nih.gov/pmc/articles/PMC9287483/
Phototropism of Arabidopsis thaliana in microgravity and fractional gravity on the International Space Station.,https://www.ncbi.nlm.nih.gov/pmc/articles/PMC5748516/
Light and gravity signals synergize in modulating plant development,https://www.ncbi.nlm.nih.gov/pmc/articles/PMC4211383/
A novel blue-light phototropic response is revealed in roots of Arabidopsis thaliana in microgravity.,https://www.ncbi.nlm.nih.gov/pmc/articles/PMC5748516/
Comparative transcriptomics indicate changes in cell wall organization and stress response in seedlings during spaceflight,https://www.ncbi.nlm.nih.gov/pmc/articles/PMC5821596/
RNAseq analysis of the response of Arabidopsis thaliana to fractional gravity under blue-light stimulation during spaceflight,https://www.ncbi.nlm.nih.gov/pmc/articles/PMC6889863/
Comparison of Microgravity Analogs to Spaceflight in Studies of Plant Growth and Development,https://www.ncbi.nlm.nih.gov/pmc/articles/PMC6908503/
The importance of Earth reference controls in spaceflight-omics research: Characterization of nucleolin mutants from the Seedling Growth experiments,https://www.ncbi.nlm.nih.gov/pmc/articles/PMC7607443/
Conducting plant experiments in space and on the Moon,https://www.ncbi.nlm.nih.gov/pmc/articles/PMC10764921/
Red light enhances plant adaptation to spaceflight and Mars g-levels.,https://www.ncbi.nlm.nih.gov/pmc/articles/PMC9605285/
EUK-134 ameliorates nNOS¬µ translocation and skeletal muscle fiber atrophy during short-term mechanical unloading.,https://www.ncbi.nlm.nih.gov/pmc/articles/PMC3962621/
MnSOD Overexpression Reduces Fibrosis and Pro-Apoptotic Signaling in the Aging Mouse Heart,https://www.ncbi.nlm.nih.gov/pmc/articles/PMC4462657/
Lifelong wheel running exercise and mild caloric restriction attenuate nuclear EndoG in the aging plantaris muscle.,https://www.ncbi.nlm.nih.gov/pmc/articles/PMC5026643/
Age-related alterations in the sarcolemmal environment are attenuated by lifelong caloric restriction and voluntary exercise.,https://www.ncbi.nlm.nih.gov/pmc/articles/PMC5026642/
"The impact of SRT2104 on skeletal muscle mitochondrial function, redox biology, and loss of muscle mass in hindlimb unloaded rats.",https://www.ncbi.nlm.nih.gov/pmc/articles/PMC10342025/
Bioreactor development for skeletal muscle hypertrophy and atrophy by manipulating uniaxial cyclic strain: Proof of concept.,https://www.ncbi.nlm.nih.gov/pmc/articles/PMC11167039/
Genomic and phenotypic characterization of Burkholderia isolates from the potable water system of the International Space Station,https://www.ncbi.nlm.nih.gov/pmc/articles/PMC10020673/
CAMDLES: CFD-DEM Simulation of Microbial Communities in Spaceflight and Artificial Microgravity,https://www.ncbi.nlm.nih.gov/pmc/articles/PMC9144607/
Hardware validation of the Advanced Plant Habitat on ISS: Canopy photosynthesis in reduced gravity.,https://www.ncbi.nlm.nih.gov/pmc/articles/PMC7314936/
Trimeric structure of (+)-pinoresinol-forming dirigent protein at 1.95 A resolution with three isolated active sites.,https://www.ncbi.nlm.nih.gov/pmc/articles/PMC4340379/
Reduced Arogenate Dehydratase Expression: Ramifications for Photosynthesis and Metabolism,https://www.ncbi.nlm.nih.gov/pmc/articles/PMC5933128/
New insights into lignification via network and multi-omics analyses of arogenate dehydratase knock-out mutants in Arabidopsis thaliana,https://www.ncbi.nlm.nih.gov/pmc/articles/PMC8185232/
Functional consequences of radiation-induced oxidative stress in cultured neural stem cells and the brain exposed to charged particle irradiation,https://www.ncbi.nlm.nih.gov/pmc/articles/PMC3936501/
Exploration of space to achieve scientific breakthroughs,https://www.ncbi.nlm.nih.gov/pmc/articles/PMC11998595/
Network Analysis of Gene Transcriptions of Arabidopsis thaliana in Spaceflight Microgravity.,https://www.ncbi.nlm.nih.gov/pmc/articles/PMC7996555/
Detection of Genes in Arabidopsis thaliana L. Responding to DNA Damage from Radiation and Other Stressors in Spaceflight,https://www.ncbi.nlm.nih.gov/pmc/articles/PMC8234954/
"The Effect of spaceflight on mouse olfactory bulb volume, neurogenesis, and cell death indicates the protective effect of novel environment.",https://www.ncbi.nlm.nih.gov/pmc/articles/PMC4152162/
"Effects of low-dose rate Œ≥-irradiation combined with simulated microgravity on markers of oxidative stress, DNA methylation potential, and remodeling in the mouse heart",https://www.ncbi.nlm.nih.gov/pmc/articles/PMC5498037/
Characterization of mouse ocular response to a 35-day spaceflight mission: Evidence of blood-retinal barrier disruption and ocular adaptations.,https://www.ncbi.nlm.nih.gov/pmc/articles/PMC6547757/
Mice Exposed to Combined Chronic Low-Dose Irradiation and Modeled Microgravity Develop Long-Term Neurological Sequelae.,https://www.ncbi.nlm.nih.gov/pmc/articles/PMC6747492/
"Spaceflight influences gene expression, photoreceptor integrity, and oxidative stress-related damage in the murine retina.",https://www.ncbi.nlm.nih.gov/pmc/articles/PMC6746706/
Evaluating ocular response in the retina and optic nerve head after single and fractionated high-energy protons,https://www.ncbi.nlm.nih.gov/pmc/articles/PMC8400407/
Characterization of gene expression profiles in the mouse brain after 35 days of spaceflight mission.,https://www.ncbi.nlm.nih.gov/pmc/articles/PMC9365836/
A multi-omics longitudinal study of the murine retinal response to chronic low-dose irradiation and simulated microgravity.,https://www.ncbi.nlm.nih.gov/pmc/articles/PMC9547011/
Evidence of spaceflight-induced adverse effects on photoreceptors and retinal function in the mouse eye.,https://www.ncbi.nlm.nih.gov/pmc/articles/PMC10138634/
Effects of spaceflight on the brain,https://www.ncbi.nlm.nih.gov/pmc/articles/PMC12031868/
Routine omics collection is a golden opportunity for European human research in space and analog environments.,https://www.ncbi.nlm.nih.gov/pmc/articles/PMC9583032/
Spatial omics technologies at multimodal and single cell/subcellular level.,https://www.ncbi.nlm.nih.gov/pmc/articles/PMC9746133/
Genomic characterization and radiation tolerance of Naganishia kalamii sp. nov. and Cystobasidium onofrii sp. nov. from Mars 2020 mission assembly facilities.,https://www.ncbi.nlm.nih.gov/pmc/articles/PMC10422843/
"Genome and clonal hematopoiesis stability contrasts with immune, cfDNA, mitochondrial, and telomere length changes during short duration spaceflight",https://www.ncbi.nlm.nih.gov/pmc/articles/PMC11022651/
Inspiration4 data access through the NASA Open Science Data Repository,https://www.ncbi.nlm.nih.gov/pmc/articles/PMC11094041/
Molecular and physiologic changes in the SpaceX Inspiration4 civilian crew,https://www.ncbi.nlm.nih.gov/pmc/articles/PMC11357997/
Telomeric RNA (TERRA) increases in response to spaceflight and high-altitude climbing,https://www.ncbi.nlm.nih.gov/pmc/articles/PMC11167063/
Spatial multi-omics of human skin reveals KRAS and inflammatory responses to spaceflight,https://www.ncbi.nlm.nih.gov/pmc/articles/PMC11166909/
Longitudinal multi-omics analysis of host microbiome architecture and immune responses during short-term spaceflight,https://www.ncbi.nlm.nih.gov/pmc/articles/PMC11222149/
Spatiotemporal expression and control of haemoglobin in space,https://www.ncbi.nlm.nih.gov/pmc/articles/PMC11166948/
"Single-cell multi-ome and immune profiles of the Inspiration4 crew reveal conserved, cell-type, and sex-specific responses to spaceflight",https://www.ncbi.nlm.nih.gov/pmc/articles/PMC11166952/
Single-cell analysis identifies conserved features of immune dysfunction in simulated microgravity and spaceflight,https://www.ncbi.nlm.nih.gov/pmc/articles/PMC11166937/
The Space Omics and Medical Atlas (SOMA) and international astronaut biobank,https://www.ncbi.nlm.nih.gov/pmc/articles/PMC11357981/
"Secretome profiling reveals acute changes in oxidative stress, brain homeostasis, and coagulation following short-duration spaceflight",https://www.ncbi.nlm.nih.gov/pmc/articles/PMC11166969/
Astronaut omics and the impact of space on the human body at scale,https://www.ncbi.nlm.nih.gov/pmc/articles/PMC11166943/
Transcriptomics analysis reveals molecular alterations underpinning spaceflight dermatology.,https://www.ncbi.nlm.nih.gov/pmc/articles/PMC11166967/
"Cosmic kidney disease: an integrated pan-omic, physiological and morphological study into spaceflight-induced renal dysfunction",https://www.ncbi.nlm.nih.gov/pmc/articles/PMC11167060/
Spaceflight induces changes in gene expression profiles linked to insulin and estrogen,https://www.ncbi.nlm.nih.gov/pmc/articles/PMC11166981/
Protective alleles and precision healthcare in crewed spaceflight,https://www.ncbi.nlm.nih.gov/pmc/articles/PMC11263583/
To boldly go where no microRNAs have gone before: Spaceflight impact on risk for small-for-gestational-age infants,https://www.ncbi.nlm.nih.gov/pmc/articles/PMC11484870/
Growth chambers on the International Space Station for large plants,https://www.ncbi.nlm.nih.gov/pmc/articles/PMC10780891/
Microbiological and nutritional analysis of lettuce crops grown on the International Space Station,https://www.ncbi.nlm.nih.gov/pmc/articles/PMC7067979/
Natural variation in the expression of ORGANIC CATION TRANSPORTER 1 affects root length responses to cadaverine in Arabidopsis.,https://www.ncbi.nlm.nih.gov/pmc/articles/PMC4321547/
Auxin: Shape matters.,https://www.ncbi.nlm.nih.gov/pmc/articles/PMC6710492/
Gravity signaling in flowering plant roots,https://www.ncbi.nlm.nih.gov/pmc/articles/PMC12008199/
Cadaverine regulates biotin synthesis to modulate primary root growth in Arabidopsis,https://www.ncbi.nlm.nih.gov/pmc/articles/PMC8518694/
Low-speed clinorotation of Brachypodium distachyon and Arabidopsis thaliana seedlings triggers root tip curvatures that are reminiscent of gravitropism.,https://www.ncbi.nlm.nih.gov/pmc/articles/PMC9861679/
New device for high-throughput viability screening of flow biofilms,https://www.ncbi.nlm.nih.gov/pmc/articles/PMC2897429/
Sigma S-dependent antioxidant defense protects stationary-phase Escherichia coli against the bactericidal antibiotic gentamicin,https://www.ncbi.nlm.nih.gov/pmc/articles/PMC4187989/
Plasma membrane disruption (PMD) formation and repair in mechanosensitive tissues,https://www.ncbi.nlm.nih.gov/pmc/articles/PMC8217198/
Microgravity alters the expression of salivary proteins,https://www.ncbi.nlm.nih.gov/pmc/articles/PMC6981245/
Salivary Gland Protein Expression after Bion-M1 and Space Shuttle STS-135 Missions,https://www.ncbi.nlm.nih.gov/pmc/articles/PMC6981245/
Response of the mouse sublingual gland to spaceflight.,https://www.ncbi.nlm.nih.gov/pmc/articles/PMC6131065/
Effects of spaceflight on the mouse submandibular gland,https://www.ncbi.nlm.nih.gov/pmc/articles/PMC11233762/
"Reactivation of Latent Epstein-Barr Virus: A Comparison after Exposure to Gamma, Proton, Carbon, and Iron Radiation",https://www.ncbi.nlm.nih.gov/pmc/articles/PMC6213004/
The influence of spaceflight on the astronaut salivary microbiome and the search for a microbiome biomarker for viral reactivation,https://www.ncbi.nlm.nih.gov/pmc/articles/PMC7171750/
The cyclic nucleotide-gated channel CNGC14 regulates root gravitropism in Arabidopsis thaliana.,https://www.ncbi.nlm.nih.gov/pmc/articles/PMC10414970/
Telomere length assessments of muscle stem cells in rodent and human skeletal muscle sections,https://www.ncbi.nlm.nih.gov/pmc/articles/PMC8450295/
Persistent NF-Œ∫B activation in muscle stem cells induces proliferation-independent telomere shortening,https://www.ncbi.nlm.nih.gov/pmc/articles/PMC8183356/
Piezo1 regulates the regenerative capacity of skeletal muscles via orchestration of stem cell morphological states.,https://www.ncbi.nlm.nih.gov/pmc/articles/PMC8932657/
"Impacts of radiation exposure, hindlimb unloading, and recovery on murine skeletal muscle cell telomere length.",https://www.ncbi.nlm.nih.gov/pmc/articles/PMC10504369/
Ethylene-induced flavonol accumulation in guard cells suppresses reactive oxygen species and modulates stomatal aperture,https://www.ncbi.nlm.nih.gov/pmc/articles/PMC3982735/
Transcriptional and Hormonal Regulation of Gravitropism of Woody Stems in Populus.,https://www.ncbi.nlm.nih.gov/pmc/articles/PMC4682325/
Endosidin2 targets conserved exocyst complex subunit EXO70 to inhibit exocytosis,https://www.ncbi.nlm.nih.gov/pmc/articles/PMC10264680/
"A conditional mutation in SCD1 reveals linkage between PIN protein trafficking, auxin transport, gravitropism, and lateral root initiation.",https://www.ncbi.nlm.nih.gov/pmc/articles/PMC7358545/
"A comprehensive SARS-CoV-2 and COVID-19 review, Part 1: Intracellular overdrive for SARS-CoV-2 infection.",https://www.ncbi.nlm.nih.gov/pmc/articles/PMC9108708/
Changes in nuclear shape and gene expression in response to simulated microgravity are LINC complex-dependent.,https://www.ncbi.nlm.nih.gov/pmc/articles/PMC7555797/
"Growth of Carnobacterium spp. from permafrost under low pressure, temperature, and anoxic atmosphere has implications for Earth microbes on Mars",https://www.ncbi.nlm.nih.gov/pmc/articles/PMC3545801/
Complete Genome Sequence of Carnobacterium gilichinskyi Strain WN1359T (DSM 27470T),https://www.ncbi.nlm.nih.gov/pmc/articles/PMC3869332/
"Exposure of Bacillus subtilis to low pressure (5 kilopascals) induces several global regulons, including those involved in the SigB-mediated general stress response",https://www.ncbi.nlm.nih.gov/pmc/articles/PMC4135744/
"Resistance of Bacillus subtilis Spore DNA to Lethal Ionizing Radiation Damage Relies Primarily on Spore Core Components and DNA Repair, with Minor Effects of Oxygen Radical Detoxification",https://www.ncbi.nlm.nih.gov/pmc/articles/PMC3911009/
Cultivation of Staphylococcus epidermidis in the human spaceflight environment leads to alterations in the frequency and spectrum of spontaneous rifampicin-resistance mutations in the rpoB gene,https://www.ncbi.nlm.nih.gov/pmc/articles/PMC4923109/
Experimental Evolution of Bacillus subtilis,https://www.ncbi.nlm.nih.gov/pmc/articles/PMC11673879/
Cultivation in space flight produces minimal alterations in the susceptibility of Bacillus subtilis cells to 72 different antibiotics and growth-inhibiting compounds,https://www.ncbi.nlm.nih.gov/pmc/articles/PMC5648920/
Alterations in the Spectrum of Spontaneous Rifampicin-Resistance Mutations in the Bacillus subtilis rpoB Gene after Cultivation in the Human Spaceflight Environment,https://www.ncbi.nlm.nih.gov/pmc/articles/PMC5817088/
Mechanotransduction in Prokaryotes: A Possible Mechanism of Spaceflight Adaptation,https://www.ncbi.nlm.nih.gov/pmc/articles/PMC7825584/
Environmental dependence of competitive fitness in rifampin-resistant rpoB mutants of Bacillus subtilis.,https://www.ncbi.nlm.nih.gov/pmc/articles/PMC8904044/
Analysis of interactions of Salmonella type three secretion mutants with 3-D intestinal epithelial cells.,https://www.ncbi.nlm.nih.gov/pmc/articles/PMC3012082/
Organotypic 3D cell culture models: using the rotating wall vessel to study host-pathogen interactions.,https://www.ncbi.nlm.nih.gov/pmc/articles/PMC11088941/
Induction of attachment-independent biofilm formation and repression of Hfq expression by low-fluid-shear culture of Staphylococcus aureus,https://www.ncbi.nlm.nih.gov/pmc/articles/PMC3187170/
Characterization of the Salmonella enterica serovar Typhimurium ydcI gene which encodes a conserved DNA binding protein required for full acid stress resistance.,https://www.ncbi.nlm.nih.gov/pmc/articles/PMC3133089/
Evaluation of microorganisms cultured from injured and repressed tissue regeneration sites in endangered giant aquatic Ozark Hellbender salamanders.,https://www.ncbi.nlm.nih.gov/pmc/articles/PMC3242767/
Transcriptional and proteomic responses of Pseudomonas aeruginosa PAO1 to spaceflight conditions involve Hfq regulation and reveal a role for oxygen.,https://www.ncbi.nlm.nih.gov/pmc/articles/PMC3067220/
New insights into the bacterial fitness-associated mechanisms revealed by the characterization of large plasmids of an avian pathogenic E. coli,https://www.ncbi.nlm.nih.gov/pmc/articles/PMC3251573/
Lack of norovirus replication and histo-blood group antigen expression in 3-dimensional intestinal epithelial cells,https://www.ncbi.nlm.nih.gov/pmc/articles/PMC3647661/
Conservation of the low-shear modeled microgravity response in Enterobacteriaceae and analysis of the trp genes in this response.,https://www.ncbi.nlm.nih.gov/pmc/articles/PMC4085587/
Mimicking the host and its microenvironment in vitro for studying mucosal infections by Pseudomonas aeruginosa.,https://www.ncbi.nlm.nih.gov/pmc/articles/PMC4096993/
Effects of Sex and Gender on Adaptation to Space: Immune System,https://www.ncbi.nlm.nih.gov/pmc/articles/PMC7467030/
Recellularization of decellularized lung scaffolds is enhanced by dynamic suspension culture.,https://www.ncbi.nlm.nih.gov/pmc/articles/PMC4427280/
Three-dimensional organotypic co-culture model of intestinal epithelial cells and macrophages to study Salmonella enterica colonization patterns.,https://www.ncbi.nlm.nih.gov/pmc/articles/PMC5460263/
Modeling Host-Pathogen Interactions in the Context of the Microenvironment: 3-D Cell Culture Comes of Age.,https://www.ncbi.nlm.nih.gov/pmc/articles/PMC6204695/
Evaluating the effect of spaceflight on the host‚Äìpathogen interaction between human intestinal epithelial cells and Salmonella Typhimurium,https://www.ncbi.nlm.nih.gov/pmc/articles/PMC7943786/
Rapid phenotypic response of LSMMG-'primed' Candida albicans.,https://www.ncbi.nlm.nih.gov/pmc/articles/PMC11888247/
Spaceflight enhances cell aggregation and random budding in Candida albicans.,https://www.ncbi.nlm.nih.gov/pmc/articles/PMC3851762/
"Growth and antifungal resistance of the pathogenic yeast, Candida albicans, in the microgravity environment of the International Space Station: An aggregate of multiple flight experiences.",https://www.ncbi.nlm.nih.gov/pmc/articles/PMC8067245/
NASA GeneLab RNA-Seq Consensus Pipeline: Standardized Processing of Short-Read RNA-Seq Data,https://www.ncbi.nlm.nih.gov/pmc/articles/PMC8044432/
Challenges and considerations for single-cell and spatially resolved transcriptomics sample collection during spaceflight.,https://www.ncbi.nlm.nih.gov/pmc/articles/PMC9701605/
Direct RNA sequencing of astronaut blood reveals spaceflight-associated m6A increases and hematopoietic transcriptional responses,https://www.ncbi.nlm.nih.gov/pmc/articles/PMC11166648/
Collection of biospecimens from the inspiration4 mission establishes the standards for the space omics and medical atlas (SOMA),https://www.ncbi.nlm.nih.gov/pmc/articles/PMC11166662/
Microfluidics-enabled method to identify modes of Caenorhabditis elegans paralysis in four anthelmintics.,https://www.ncbi.nlm.nih.gov/pmc/articles/PMC3838407/
Multiparameter behavioral analyses provide insights to mechanisms of cyanide resistance in Caenorhabditis elegans.,https://www.ncbi.nlm.nih.gov/pmc/articles/PMC3748764/
Growth performance and root transcriptome remodeling of Arabidopsis in response to Mars-like levels of magnesium sulfate.,https://www.ncbi.nlm.nih.gov/pmc/articles/PMC2925951/
The 14-3-3 proteins of Arabidopsis regulate root growth and chloroplast development as components of the photosensory system.,https://www.ncbi.nlm.nih.gov/pmc/articles/PMC3350920/
14-3-3 phosphoprotein interaction networks - does isoform diversity present functional interaction specification?,https://www.ncbi.nlm.nih.gov/pmc/articles/PMC3422896/
Plant growth strategies are remodeled by spaceflight,https://www.ncbi.nlm.nih.gov/pmc/articles/PMC11869762/
Spaceflight transcriptomes: unique responses to a novel environment.,https://www.ncbi.nlm.nih.gov/pmc/articles/PMC10712242/
Fundamental plant biology enabled by the space shuttle.,https://www.ncbi.nlm.nih.gov/pmc/articles/PMC6143729/
Organ-specific remodeling of the Arabidopsis transcriptome in response to spaceflight.,https://www.ncbi.nlm.nih.gov/pmc/articles/PMC10058394/
A method for preparing spaceflight RNAlater-fixed Arabidopsis thaliana (Brassicaceae) tissue for scanning electron microscopy.,https://www.ncbi.nlm.nih.gov/pmc/articles/PMC4103452/
ARG1 Functions in the Physiological Adaptation of Undifferentiated Plant Cells to Spaceflight,https://www.ncbi.nlm.nih.gov/pmc/articles/PMC8024390/
A Member of the CONSTANS-Like Protein Family is a Putative Regulator of ROS Homeostasis and Spaceflight Physiological Adaptation,https://www.ncbi.nlm.nih.gov/pmc/articles/PMC6348315/
HSFA2 Functions in the Physiological Adaptation of Undifferentiated Plant Cells to Spaceflight.,https://www.ncbi.nlm.nih.gov/pmc/articles/PMC6359015/
Neutrophil to Lymphocyte ratio: A biomarker to monitor the immune status of astronauts.,https://www.ncbi.nlm.nih.gov/pmc/articles/PMC7667275/
Beyond low-Earth orbit: Characterizing immune and microRNA differentials following simulated deep spaceflight conditions in mice.,https://www.ncbi.nlm.nih.gov/pmc/articles/PMC7756144/
Immunological and hematological outcomes following protracted low dose/low dose rate ionizing radiation and simulated microgravity,https://www.ncbi.nlm.nih.gov/pmc/articles/PMC8169688/
Epigenomic regulators elongator complex subunit 2 and methyltransferase 1 differentially condition the spaceflight response in Arabidopsis,https://www.ncbi.nlm.nih.gov/pmc/articles/PMC8475764/
Plants grown in Apollo lunar regolith present stress-associated transcriptomes that inform prospects for lunar exploration,https://www.ncbi.nlm.nih.gov/pmc/articles/PMC9098553/
Artificial gravity partially protects space-induced neurological deficits in Drosophila melanogaster.,https://www.ncbi.nlm.nih.gov/pmc/articles/PMC10503492/
Utilizing the KSC fixation tube to conduct human-tended plant biology experiments on a suborbital spaceflight,https://www.ncbi.nlm.nih.gov/pmc/articles/PMC9693084/
Changes in Mouse Thymus and Spleen after Return from the STS-135 Mission in Space,https://www.ncbi.nlm.nih.gov/pmc/articles/PMC3792163/
Post-Spaceflight (STS-135) Mouse Splenocytes Demonstrate Altered Activation Properties and Surface Molecule Expression.,https://www.ncbi.nlm.nih.gov/pmc/articles/PMC4430214/
Changes in the distribution and function of leukocytes after whole-body iron ion irradiation.,https://www.ncbi.nlm.nih.gov/pmc/articles/PMC5045078/
Is spaceflight-induced immune dysfunction linked to systemic changes in metabolism?,https://www.ncbi.nlm.nih.gov/pmc/articles/PMC5443495/
Spaceflight Activates Autophagy Programs and the Proteasome in Mouse Liver,https://www.ncbi.nlm.nih.gov/pmc/articles/PMC5666744/
Vive la radior√©sistance!: Converging research in radiobiology and biogerontology to enhance human radioresistance for deep space exploration and colonization.,https://www.ncbi.nlm.nih.gov/pmc/articles/PMC5865701/
Proteomic analysis of mouse brain subjected to spaceflight.,https://www.ncbi.nlm.nih.gov/pmc/articles/PMC6337482/
Transcriptomic effects on the mouse heart following 30 days on the International Space Station.,https://www.ncbi.nlm.nih.gov/pmc/articles/PMC9953463/
Spaceflight-induced gene expression profiles in the mouse brain are attenuated by treatment with the antioxidant BuOE,https://www.ncbi.nlm.nih.gov/pmc/articles/PMC10487739/
Basal signaling regulates plant growth and development,https://www.ncbi.nlm.nih.gov/pmc/articles/PMC11942576/
Phosphoinositide-signaling is one component of a robust plant defense response,https://www.ncbi.nlm.nih.gov/pmc/articles/PMC4052902/
Uncovering transcriptional responses to fractional gravity in Arabidopsis roots,https://www.ncbi.nlm.nih.gov/pmc/articles/PMC8539686/
Conserved plant transcriptional responses to microgravity from two consecutive spaceflight experiments.,https://www.ncbi.nlm.nih.gov/pmc/articles/PMC10800490/
RNAseq analysis of rodent spaceflight experiments is confounded by sample collection techniques,https://www.ncbi.nlm.nih.gov/pmc/articles/PMC7756143/
Functional changes in the snail statocyst system elicited by microgravity,https://www.ncbi.nlm.nih.gov/pmc/articles/PMC3066201/
Simulated microgravity impairs human NK [natural killer] cell cytotoxic activity against space radiation-relevant leukemic cells,https://www.ncbi.nlm.nih.gov/pmc/articles/PMC11324864/
Multi-analyte biochip (MAB) based on all-solid-state ion-selective electrodes (ASSISE) for physiological research,https://www.ncbi.nlm.nih.gov/pmc/articles/PMC3665236/
Lab-on-a-chip approaches for space-biology research.,https://www.ncbi.nlm.nih.gov/pmc/articles/PMC10470837/
Plant chemical genomics: gravity sensing and response.,https://www.ncbi.nlm.nih.gov/pmc/articles/PMC10386755/
The interaction of vortical flows with red cells in venous valve mimics.,https://www.ncbi.nlm.nih.gov/pmc/articles/PMC8896891/
Mammalian and Invertebrate Models as Complementary Tools for Gaining Mechanistic Insight on Muscle Responses to Spaceflight,https://www.ncbi.nlm.nih.gov/pmc/articles/PMC8430797/
Investigation of simulated microgravity effects on Streptococcus mutans physiology and global gene expression.,https://www.ncbi.nlm.nih.gov/pmc/articles/PMC5460135/
Altered quorum sensing and physiology of Staphylococcus aureus during spaceflight detected by multi-omics data analysis,https://www.ncbi.nlm.nih.gov/pmc/articles/PMC10774393/
Homotypic vacuole fusion requires VTI11 and is regulated by phosphoinositides,https://www.ncbi.nlm.nih.gov/pmc/articles/PMC6126739/
REGULATOR OF BULB BIOGENESIS1 (RBB1) Is Involved in Vacuole Bulb Formation in Arabidopsis.,https://www.ncbi.nlm.nih.gov/pmc/articles/PMC4411111/
"Phosphoinositides control the localization of HOPS subunit VPS41, which together with VPS33 mediates vacuole fusion in plants.",https://www.ncbi.nlm.nih.gov/pmc/articles/PMC6126739/
Microgravity enhances the phenotype of Arabidopsis zigzag-1 and reduces the Wortmannin-induced vacuole fusion in root cells.,https://www.ncbi.nlm.nih.gov/pmc/articles/PMC9445043/
Hypergravity disruption of homeorhetic adaptations to lactation in rat dams include changes in circadian clocks,https://www.ncbi.nlm.nih.gov/pmc/articles/PMC3509447/
Intrauterine exposure to maternal stress alters Bdnf IV DNA methylation and telomere length in the brain of adult rat offspring.,https://www.ncbi.nlm.nih.gov/pmc/articles/PMC5600826/
Influence of gonadectomy on muscle health in micro- and partial-gravity environments in rats.,https://www.ncbi.nlm.nih.gov/pmc/articles/PMC10831389/
Sex differences in muscle health in simulated micro- and partial-gravity environments in rats.,https://www.ncbi.nlm.nih.gov/pmc/articles/PMC10831389/
Brassinazole resistant 1 (BZR1)-dependent brassinosteroid signalling pathway leads to ectopic activation of quiescent cell division and suppresses columella stem cell differentiation,https://www.ncbi.nlm.nih.gov/pmc/articles/PMC4507784/
Proteomic study of microsomal proteins reveals a key role for Arabidopsis Annexin 1 in mediating heat stress-induced increase in intracellular calcium levels.,https://www.ncbi.nlm.nih.gov/pmc/articles/PMC4349987/
Apyrase inhibitors enhance the ability of diverse fungicides to inhibit the growth of different plant-pathogenic fungi,https://www.ncbi.nlm.nih.gov/pmc/articles/PMC6638264/
ANN1 and ANN2 Function in Post-Phloem Sugar Transport in Root Tips to Affect Primary Root Growth,https://www.ncbi.nlm.nih.gov/pmc/articles/PMC6130020/
Mitochondria-targeted human catalase in the mouse longevity MCAT model mitigates head-tilt bedrest-induced neuro-inflammation in the hippocampus.,https://www.ncbi.nlm.nih.gov/pmc/articles/PMC9695374/
Structural and functional properties of bone are compromised in amyotrophic lateral sclerosis mice.,https://www.ncbi.nlm.nih.gov/pmc/articles/PMC6141014/
Longitudinal time course of muscle impairments during partial weight-bearing in rats,https://www.ncbi.nlm.nih.gov/pmc/articles/PMC6706399/
The partial weight-bearing rat model using a pelvic harness does not impact stress or hindlimb blood flow.,https://www.ncbi.nlm.nih.gov/pmc/articles/PMC12034070/
Dose-dependent skeletal deficits due to varied reductions in mechanical loading in rats.,https://www.ncbi.nlm.nih.gov/pmc/articles/PMC7235020/
Approaching Gravity as a Continuum Using the Rat Partial Weight-Bearing Model,https://www.ncbi.nlm.nih.gov/pmc/articles/PMC7599661/
Hindlimb suspension in Wistar rats: Sex-based differences in muscle response,https://www.ncbi.nlm.nih.gov/pmc/articles/PMC8493566/
Adaptation to full weight-bearing following disuse in rats: The impact of biological sex on musculoskeletal recovery,https://www.ncbi.nlm.nih.gov/pmc/articles/PMC10926278/
Effects of liquid cultivation on gene expression and phenotype of C. elegans.,https://www.ncbi.nlm.nih.gov/pmc/articles/PMC6069985/
Transcriptomic Signature of the Simulated Microgravity Response in Caenorhabditis elegans and Comparison to Spaceflight Experiments.,https://www.ncbi.nlm.nih.gov/pmc/articles/PMC9856674/
Enabling clonal analyses of yeast in outer space by encapsulation and desiccation in hollow microparticles.,https://www.ncbi.nlm.nih.gov/pmc/articles/PMC9410522/
Caenorhabditis elegans in microgravity: An omics perspective,https://www.ncbi.nlm.nih.gov/pmc/articles/PMC10344948/
Dried plum diet protects from bone loss caused by ionizing radiation,https://www.ncbi.nlm.nih.gov/pmc/articles/PMC4750446/
Dietary countermeasure mitigates simulated spaceflight-induced osteopenia in mice,https://www.ncbi.nlm.nih.gov/pmc/articles/PMC7162976/
Simulated microgravity alters gene regulation linked to immunity and cardiovascular disease,https://www.ncbi.nlm.nih.gov/pmc/articles/PMC11353732/
Autophagy and its consequences for platelet biology,https://www.ncbi.nlm.nih.gov/pmc/articles/PMC11953390/
A new role of NAP1L1 in megakaryocytes and human platelets,https://www.ncbi.nlm.nih.gov/pmc/articles/PMC9737020/
Evaluation of rodent spaceflight in the NASA animal enclosure module for an extended operational period (up to 35 days),https://www.ncbi.nlm.nih.gov/pmc/articles/PMC5515519/
Morphology of Penicillium rubens Biofilms Formed in Space,https://www.ncbi.nlm.nih.gov/pmc/articles/PMC10144393/
Explainable machine learning identifies multi-omics signatures of muscle response to spaceflight in mice,https://www.ncbi.nlm.nih.gov/pmc/articles/PMC10719374/
Microbial adaptation to spaceflight is correlated with bacteriophage-encoded functions,https://www.ncbi.nlm.nih.gov/pmc/articles/PMC11096397/
Influence of the spaceflight environment on macrophage lineages,https://www.ncbi.nlm.nih.gov/pmc/articles/PMC11166655/
MARSBOx: Fungal and bacterial endurance from a balloon-flown analog mission in the stratosphere,https://www.ncbi.nlm.nih.gov/pmc/articles/PMC7937622/
In situ linkage of fungal and bacterial proliferation to microbiologically influenced corrosion in B20 biodiesel storage tanks.,https://www.ncbi.nlm.nih.gov/pmc/articles/PMC7055474/
"Identification of metagenome-assembled genomes containing antimicrobial resistance genes, isolated from an advanced water treatment facility.",https://www.ncbi.nlm.nih.gov/pmc/articles/PMC7118179/
Nature of pre-earthquake phenomena and their effects on living organisms,https://www.ncbi.nlm.nih.gov/pmc/articles/PMC4494396/
The rapid diagnosis and effective inhibition of coronavirus using spike antibody attached gold nanoparticles,https://www.ncbi.nlm.nih.gov/pmc/articles/PMC8323809/
Blocking SARS-CoV-2 Delta variant (B.1.617.2) spike protein receptor-binding domain binding with the ACE2 receptor of the host cell and inhibiting virus infections using human host defense peptide-conjugated graphene quantum dots.,https://www.ncbi.nlm.nih.gov/pmc/articles/PMC8886715/
Safety and pharmacokinetics of intranasally administered heparin,https://www.ncbi.nlm.nih.gov/pmc/articles/PMC8890767/
Inhibition of SARS-CoV-2 wild-type (Wuhan-Hu-1) and Delta (B.1.617.2) strains by marine sulfated glycans.,https://www.ncbi.nlm.nih.gov/pmc/articles/PMC9487896/
Inhibition of Cytomegalovirus by Pentacta pygmaea Fucosylated Chondroitin Sulfate Depends on Its Molecular Weight,https://www.ncbi.nlm.nih.gov/pmc/articles/PMC10142442/
Effect of simulated cosmic radiation on cytomegalovirus reactivation and lytic replication,https://www.ncbi.nlm.nih.gov/pmc/articles/PMC11477029/
A Tissue Retrieval and Postharvest Processing Regimen for Rodent Reproductive Tissues Compatible with Long-Term Storage on the International Space Station and Postflight Biospecimen Sharing Program,https://www.ncbi.nlm.nih.gov/pmc/articles/PMC4309301/
Effects of sex and gender on adaptations to space: reproductive health,https://www.ncbi.nlm.nih.gov/pmc/articles/PMC11166981/
Effects of spaceflight on the muscles of the murine shoulder.,https://www.ncbi.nlm.nih.gov/pmc/articles/PMC6343501/
Multiscale effects of spaceflight on murine tendon and bone,https://www.ncbi.nlm.nih.gov/pmc/articles/PMC7138367/
Reproducible changes in the gut microbiome suggest a shift in microbial and host metabolism during spaceflight.,https://www.ncbi.nlm.nih.gov/pmc/articles/PMC6689164/
Failure to Generate Bone Marrow Adipocytes Does Not Protect Mice from Ovariectomy-Induced Osteopenia,https://www.ncbi.nlm.nih.gov/pmc/articles/PMC3564669/
Acute exposure to high dose gamma-radiation results in transient activation of bone lining cells,https://www.ncbi.nlm.nih.gov/pmc/articles/PMC4042434/
Morbid obesity attenuates the skeletal abnormalities associated with leptin deficiency in mice,https://www.ncbi.nlm.nih.gov/pmc/articles/PMC4161659/
Hypothalamic leptin gene therapy reduces body weight without accelerating age-related bone loss,https://www.ncbi.nlm.nih.gov/pmc/articles/PMC4917201/
Hypothalamic Leptin Gene Therapy Reduces Bone Marrow Adiposity in ob/ob Mice Fed Regular and High-Fat Diets.,https://www.ncbi.nlm.nih.gov/pmc/articles/PMC4985531/
Room temperature housing results in premature cancellous bone loss in growing female mice: implications for the mouse as a preclinical model for age-related bone loss.,https://www.ncbi.nlm.nih.gov/pmc/articles/PMC5421618/
Spaceflight-induced vertebral bone loss in ovariectomized rats is associated with increased bone marrow adiposity and no change in bone formation,https://www.ncbi.nlm.nih.gov/pmc/articles/PMC5515514/
Role of oestrogen receptor signaling in skeletal response to leptin in female ob/ob mice.,https://www.ncbi.nlm.nih.gov/pmc/articles/PMC8671758/
Effects of hypothalamic leptin gene therapy on osteopetrosis in leptin-deficient mice.,https://www.ncbi.nlm.nih.gov/pmc/articles/PMC5771473/
Leptin stimulates bone formation in ob/ob mice at doses having minimal impact on energy metabolism.,https://www.ncbi.nlm.nih.gov/pmc/articles/PMC5288125/
Bone Marrow Adipose Tissue Deficiency Increases Disuse-Induced Bone Loss in Male Mice,https://www.ncbi.nlm.nih.gov/pmc/articles/PMC5389344/
Metabolic Coupling Between Bone Marrow Adipose Tissue and Hematopoiesis,https://www.ncbi.nlm.nih.gov/pmc/articles/PMC9784906/
Maintenance of near normal bone mass and architecture in lethally irradiated female mice following adoptive transfer with as few as 750 purified hematopoietic stem cells.,https://www.ncbi.nlm.nih.gov/pmc/articles/PMC6548323/
Effect of leptin deficiency on the skeletal response to hindlimb unloading in adult male mice.,https://www.ncbi.nlm.nih.gov/pmc/articles/PMC6597714/
Thermoneutral housing attenuates premature cancellous bone loss in male C57BL/6J mice,https://www.ncbi.nlm.nih.gov/pmc/articles/PMC6865368/
Effects of Spaceflight on Cancellous and Cortical Bone in Proximal Femur in Growing Rats,https://www.ncbi.nlm.nih.gov/pmc/articles/PMC7907224/
Evidence for increased thermogenesis in female C57BL/6J mice housed aboard the international space station,https://www.ncbi.nlm.nih.gov/pmc/articles/PMC8213760/
Leptin and environmental temperature as determinants of bone marrow adiposity in female mice,https://www.ncbi.nlm.nih.gov/pmc/articles/PMC9582271/
Small changes in thermoregulation influence cancellous bone turnover balance in distal femur metaphysis in growing female mice,https://www.ncbi.nlm.nih.gov/pmc/articles/PMC10063413/
Bone Marrow Adipose Tissue Is Not Required for Reconstitution of the Immune System Following Irradiation in Male Mice,https://www.ncbi.nlm.nih.gov/pmc/articles/PMC10889206/
Simulated Microgravity Promotes Horizontal Gene Transfer of Antimicrobial Resistance Genes between Bacterial Genera in the Absence of Antibiotic Selective Pressure,https://www.ncbi.nlm.nih.gov/pmc/articles/PMC8468678/
Understanding the Complexities and Changes of the Astronaut Microbiome for Successful Long-Duration Space Missions,https://www.ncbi.nlm.nih.gov/pmc/articles/PMC9031868/
Toward sustainable space exploration: a roadmap for harnessing the power of microorganisms.,https://www.ncbi.nlm.nih.gov/pmc/articles/PMC10030976/
Roll maneuvers are essential for active reorientation of Caenorhabditis elegans in 3D media,https://www.ncbi.nlm.nih.gov/pmc/articles/PMC5910807/
Microfluidic Device for Studying Nematodes,https://www.ncbi.nlm.nih.gov/pmc/articles/PMC12021249/
NemaFlex: A microfluidics-based technology for standardized measurement of muscular strength of C. elegans.,https://www.ncbi.nlm.nih.gov/pmc/articles/PMC6057834/
"Swim exercise in Caenorhabditis elegans extends neuromuscular and gut healthspan, enhances learning ability, and protects against neurodegeneration",https://www.ncbi.nlm.nih.gov/pmc/articles/PMC6876156/
Molecular muscle experiment: Hardware and operational lessons for future astrobiology space experiments,https://www.ncbi.nlm.nih.gov/pmc/articles/PMC7415877/
Tart Cherry Increases Lifespan in Caenorhabditis elegans by Altering Metabolic Signaling Pathways,https://www.ncbi.nlm.nih.gov/pmc/articles/PMC7285199/
A region of UNC-89 (obscurin) lying between two protein kinase domains is a highly elastic spring required for proper sarcomere organization,https://www.ncbi.nlm.nih.gov/pmc/articles/PMC9549344/
NemaLife chip: a micropillar-based microfluidic culture device optimized for aging studies in crawling C. elegans,https://www.ncbi.nlm.nih.gov/pmc/articles/PMC7530743/
Spaceflight affects neuronal morphology and alters transcellular degradation of neuronal debris in adult Caenorhabditis elegans,https://www.ncbi.nlm.nih.gov/pmc/articles/PMC7890410/
Microfluidics-integrated spaceflight hardware for measuring muscle strength of Caenorhabditis elegans on the International Space Station.,https://www.ncbi.nlm.nih.gov/pmc/articles/PMC9640571/
A Compact Imaging Platform for Conducting C. elegans Phenotypic Assays on Earth and in Spaceflight.,https://www.ncbi.nlm.nih.gov/pmc/articles/PMC9862956/
Mitochondrial sulfide promotes life span and health span through distinct mechanisms in developing versus adult treated Caenorhabditis elegans.,https://www.ncbi.nlm.nih.gov/pmc/articles/PMC10410709/
Bisphosphonates attenuate age-related muscle decline in Caenorhabditis elegans.,https://www.ncbi.nlm.nih.gov/pmc/articles/PMC10751425/
Spaceflight Induces Strength Decline in Caenorhabditis elegans,https://www.ncbi.nlm.nih.gov/pmc/articles/PMC10605753/
Metabolic model predictions enable targeted microbiome manipulation through precision prebiotics.,https://www.ncbi.nlm.nih.gov/pmc/articles/PMC10846184/
Transcriptomics analysis reveals molecular alterations underpinning spaceflight dermatology.,https://www.ncbi.nlm.nih.gov/pmc/articles/PMC11166967/
Identification and characterization of a skin microbiome on Caenorhabditis elegans suggests environmental microbes confer cuticle protection,https://www.ncbi.nlm.nih.gov/pmc/articles/PMC11302229/
Protein kinase 2 of the giant sarcomeric protein UNC-89 regulates mitochondrial morphology and function,https://www.ncbi.nlm.nih.gov/pmc/articles/PMC11487192/
New perspectives on viable microbial communities in low-biomass cleanroom environments,https://www.ncbi.nlm.nih.gov/pmc/articles/PMC3554398/
Microbial existence in controlled habitats and their resistance to space conditions,https://www.ncbi.nlm.nih.gov/pmc/articles/PMC10370681/
Microbiomes of the dust particles collected from the International Space Station and Spacecraft assembly facilities,https://www.ncbi.nlm.nih.gov/pmc/articles/PMC4624184/
"Draft genome sequences of two Aspergillus fumigatus strains, isolated from the International Space Station",https://www.ncbi.nlm.nih.gov/pmc/articles/PMC4945788/
Characterization of Aspergillus fumigatus isolates from air and surfaces of the International Space Station.,https://www.ncbi.nlm.nih.gov/pmc/articles/PMC9116463/
Draft genome sequences of biosafety level 2 opportunistic pathogens isolated from the environmental surfaces of the International Space Station.,https://www.ncbi.nlm.nih.gov/pmc/articles/PMC5201052/
Draft Genome Sequences of Several Fungal Strains Selected for Exposure to Microgravity at the International Space Station.,https://www.ncbi.nlm.nih.gov/pmc/articles/PMC5391430/
Human presence impacts fungal diversity of inflated lunar/Mars analog habitat.,https://www.ncbi.nlm.nih.gov/pmc/articles/PMC5504618/
Whole metagenome profiles of particulates collected from the International Space Station,https://www.ncbi.nlm.nih.gov/pmc/articles/PMC5580210/
Microbial Characteristics of ISS Environmental Surfaces,https://www.ncbi.nlm.nih.gov/pmc/articles/PMC8421509/
"Draft Genome Sequences from a Novel Clade of Bacillus cereus Sensu Lato Strains, Isolated from the International Space Station.",https://www.ncbi.nlm.nih.gov/pmc/articles/PMC5552977/
Draft Genome Sequences of Acinetobacter and Bacillus Strains Isolated from Spacecraft-Associated Surfaces,https://www.ncbi.nlm.nih.gov/pmc/articles/PMC5805884/
KatharoSeq enables high-throughput microbiome analysis from low-biomass samples,https://www.ncbi.nlm.nih.gov/pmc/articles/PMC5864415/
Draft genome sequence of a clinical isolate of Fusarium fujikuroi isolated from a male patient with acute myeloid leukemia.,https://www.ncbi.nlm.nih.gov/pmc/articles/PMC6013642/
"Draft Genome Sequence of Solibacillus kalamii, Isolated from an Air Filter Aboard the International Space Station",https://www.ncbi.nlm.nih.gov/pmc/articles/PMC5578834/
Detection of antimicrobial resistance genes associated with the International Space Station environmental surfaces,https://www.ncbi.nlm.nih.gov/pmc/articles/PMC9241228/
Draft genome sequences of two Fusarium oxysporum isolates cultured from infected Zinnia hybrida plants grown on the International Space Station.,https://www.ncbi.nlm.nih.gov/pmc/articles/PMC5958250/
Characterization of Aspergillus niger Isolated from the International Space Station,https://www.ncbi.nlm.nih.gov/pmc/articles/PMC7326050/
Multi-drug resistant Enterobacter bugandensis species isolated from the International Space Station and comparative genomic analyses with human pathogenic strains,https://www.ncbi.nlm.nih.gov/pmc/articles/PMC6251167/
Succession and persistence of microbial communities and antimicrobial resistance genes associated with International Space Station environmental surfaces,https://www.ncbi.nlm.nih.gov/pmc/articles/PMC6280456/
"International Space Station conditions alter genomics, proteomics, and metabolomics in Aspergillus nidulans.",https://www.ncbi.nlm.nih.gov/pmc/articles/PMC9098231/
Proteomic characterization of Aspergillus fumigatus isolated from air and surfaces of the International Space Station.,https://www.ncbi.nlm.nih.gov/pmc/articles/PMC9116463/
Genomic Characterization and Virulence Potential of Two Fusarium oxysporum Isolates Cultured from the International Space Station,https://www.ncbi.nlm.nih.gov/pmc/articles/PMC6426649/
Characterization of the total and viable bacterial and fungal communities associated with the International Space Station surfaces.,https://www.ncbi.nlm.nih.gov/pmc/articles/PMC6452512/
Proteomic and Metabolomic Characteristics of Extremophilic Fungi Under Simulated Mars Conditions.,https://www.ncbi.nlm.nih.gov/pmc/articles/PMC6529585/
MetaMiner: A Scalable Peptidogenomics Approach for Discovery of Ribosomal Peptide Natural Products with Blind Modifications from Microbial Communities,https://www.ncbi.nlm.nih.gov/pmc/articles/PMC6952069/
Draft Genome Sequences of Sphingomonas Species Associated with the International Space Station,https://www.ncbi.nlm.nih.gov/pmc/articles/PMC7303416/
Draft Genome Sequences of Tremellomycetes Strains Isolated from the International Space Station,https://www.ncbi.nlm.nih.gov/pmc/articles/PMC7317102/
Draft Genome Sequences of Rhodotorula mucilaginosa Strains Isolated from the International Space Station,https://www.ncbi.nlm.nih.gov/pmc/articles/PMC7393961/
Draft Genome Sequences of Enterobacteriales Strains Isolated from the International Space Station,https://www.ncbi.nlm.nih.gov/pmc/articles/PMC7484075/
Draft Genome Sequences of Lactobacillales Isolated from the International Space Station,https://www.ncbi.nlm.nih.gov/pmc/articles/PMC7516158/
Draft Genome Sequences of Klebsiella Species Isolated from the International Space Station,https://www.ncbi.nlm.nih.gov/pmc/articles/PMC7561690/
Draft Genome Sequences of Bacillaceae Strains Isolated from the International Space Station.,https://www.ncbi.nlm.nih.gov/pmc/articles/PMC7595942/
Assessing the risk of transfer of microorganisms at the International Space Station due to cargo delivery by commercial resupply vehicles,https://www.ncbi.nlm.nih.gov/pmc/articles/PMC7677455/
"Methylobacterium ajmalii sp. nov., isolated from the International Space Station",https://www.ncbi.nlm.nih.gov/pmc/articles/PMC8005752/
Draft Genome Sequences of Aspergillus and Penicillium Species Isolated from the International Space Station and Crew Resupply Vehicle Capsule,https://www.ncbi.nlm.nih.gov/pmc/articles/PMC8104057/
Advances in Space Microbiology,https://www.ncbi.nlm.nih.gov/pmc/articles/PMC12034939/
Effects of simulated microgravity on the proteome and secretome of the polyextremotolerant black fungus Knufia chersonesos.,https://www.ncbi.nlm.nih.gov/pmc/articles/PMC8012687/
Draft Genome Sequences of Various Bacterial Phyla Isolated from the International Space Station,https://www.ncbi.nlm.nih.gov/pmc/articles/PMC8086211/
Evaluating the lettuce metatranscriptome with MinION sequencing for future spaceflight food production applications,https://www.ncbi.nlm.nih.gov/pmc/articles/PMC8211661/
Investigation of Spaceflight Induced Changes to Astronaut Microbiomes,https://www.ncbi.nlm.nih.gov/pmc/articles/PMC11988970/
Genomic Characterization of Potential Plant Growth-Promoting Features of Sphingomonas Strains Isolated from the International Space Station,https://www.ncbi.nlm.nih.gov/pmc/articles/PMC8754149/
"Genomic Characterization of the Titan-like Cell Producing Naganishia tulchinskyi, the First Novel Eukaryote Isolated from the International Space Station",https://www.ncbi.nlm.nih.gov/pmc/articles/PMC8875396/
Metabolic modeling of the International Space Station microbiome reveals key microbial interactions.,https://www.ncbi.nlm.nih.gov/pmc/articles/PMC9258157/
"Microbial Burden Estimation of Food Items, Built Environments, and the International Space Station Using Film Media",https://www.ncbi.nlm.nih.gov/pmc/articles/PMC9503880/
Multidrug-resistant Acinetobacter pittii is adapting to and exhibiting potential succession aboard the International Space Station.,https://www.ncbi.nlm.nih.gov/pmc/articles/PMC9743659/
Characterization of metagenome-assembled genomes from the International Space Station.,https://www.ncbi.nlm.nih.gov/pmc/articles/PMC10233975/
Comparative genomic analysis of Cohnella hashimotonis sp. nov. isolated from the International Space Station,https://www.ncbi.nlm.nih.gov/pmc/articles/PMC10308117/
Genomic analysis reveals the presence of emerging pathogenic Klebsiella lineages aboard the International Space Station,https://www.ncbi.nlm.nih.gov/pmc/articles/PMC10715203/
"Phylogenomics, phenotypic, and functional traits of five novel (Earth-derived) bacterial species isolated from the International Space Station and their prevalence in metagenomes",https://www.ncbi.nlm.nih.gov/pmc/articles/PMC10628120/
"Genomic, functional, and metabolic enhancements in multidrug-resistant Enterobacter bugandensis facilitating its persistence and succession in the International Space Station",https://www.ncbi.nlm.nih.gov/pmc/articles/PMC10960378/
"Phylogenomics, phenotypic, and functional traits of five novel (Earth-derived) bacterial species isolated from the International Space Station and their prevalence in metagenomes",https://www.ncbi.nlm.nih.gov/pmc/articles/PMC10628120/
Adaptation to space conditions of novel bacterial species isolated from the International Space Station revealed by functional gene annotations and comparative genome analysis,https://www.ncbi.nlm.nih.gov/pmc/articles/PMC11451251/
Spatial regulation of a common precursor from two distinct genes generates metabolite diversity,https://www.ncbi.nlm.nih.gov/pmc/articles/PMC5523082/
Recent advances in the genome mining of Aspergillus secondary metabolites (covering 2012‚Äì2018).,https://www.ncbi.nlm.nih.gov/pmc/articles/PMC6590338/
Cortical thinning and structural bone changes in non-human primates after single-fraction whole-chest irradiation.,https://www.ncbi.nlm.nih.gov/pmc/articles/PMC6036641/
Knee and Hip Joint Cartilage Damage from Combined Spaceflight Hazards of Low-Dose Radiation Less than 1 Gy and Prolonged Hindlimb Unloading.,https://www.ncbi.nlm.nih.gov/pmc/articles/PMC6599637/
The individual and combined effects of spaceflight radiation and microgravity on biologic systems and functional outcomes,https://www.ncbi.nlm.nih.gov/pmc/articles/PMC8274610/
Spaceflight and hind limb unloading induces an arthritic phenotype in knee articular cartilage and menisci of rodents,https://www.ncbi.nlm.nih.gov/pmc/articles/PMC8131644/
Œ±Klotho decreases after reduced weight-bearing from both spaceflight and hindlimb unloading,https://www.ncbi.nlm.nih.gov/pmc/articles/PMC9163032/
Prolonged exposure to particulate chromate inhibits RAD51 nuclear import mediator proteins.,https://www.ncbi.nlm.nih.gov/pmc/articles/PMC5568470/
"Transcriptomics, NF-Œ∫B Pathway, and Their Potential Spaceflight-Related Health Consequences.",https://www.ncbi.nlm.nih.gov/pmc/articles/PMC5485990/
Interplay of space radiation and microgravity in DNA damage and DNA damage response.,https://www.ncbi.nlm.nih.gov/pmc/articles/PMC5460239/
"Synergistic Effects of Weightlessness, Isoproterenol, and Radiation on DNA Damage Response and Cytokine Production in Immune Cells",https://www.ncbi.nlm.nih.gov/pmc/articles/PMC6275019/
Transcriptome and proteome responses in RNAlater preserved tissue of Arabidopsis thaliana.,https://www.ncbi.nlm.nih.gov/pmc/articles/PMC5397022/
Spaceflight induces novel regulatory responses in Arabidopsis seedling as revealed by combined proteomic and transcriptomic analyses.,https://www.ncbi.nlm.nih.gov/pmc/articles/PMC7251690/
Mitigation and use of biofilms in space for the benefit of human space exploration,https://www.ncbi.nlm.nih.gov/pmc/articles/PMC10284894/
Toward sustainable space exploration: A roadmap for harnessing the power of microorganisms.,https://www.ncbi.nlm.nih.gov/pmc/articles/PMC10030976/
Longitudinal characterization of multispecies microbial populations recovered from spaceflight potable water,https://www.ncbi.nlm.nih.gov/pmc/articles/PMC8421509/
Designing a Novel Monitoring Approach for the Effects of Space Travel on Astronauts‚Äô Health,https://www.ncbi.nlm.nih.gov/pmc/articles/PMC9964234/
"Draft genome sequence of Sphingomonas paucimobilis strain Sph5, isolated from tap water filtration membrane",https://www.ncbi.nlm.nih.gov/pmc/articles/PMC10793275/
Overexpression of CupB5 activates alginate overproduction in Pseudomonas aeruginosa by a novel AlgW-dependent mechanism,https://www.ncbi.nlm.nih.gov/pmc/articles/PMC4116675/
Burn injury-associated MHCII(+) immune cell accumulation around lymphatic vessels of the mesentery and increased lymphatic endothelial permeability are blocked by doxycycline treatment.,https://www.ncbi.nlm.nih.gov/pmc/articles/PMC5810432/
CubeSats for microbiology and astrobiology research,https://www.ncbi.nlm.nih.gov/pmc/articles/PMC10261121/
In situ resource utilisation: The potential for space biomining,https://www.ncbi.nlm.nih.gov/pmc/articles/PMC8739323/
The smallest space miners: Principles of space biomining,https://www.ncbi.nlm.nih.gov/pmc/articles/PMC8739323/
"Simulated micro-, lunar, and Martian gravities on Earth‚Äîeffects on Escherichia coli growth, phenotype, and sensitivity to antibiotics.",https://www.ncbi.nlm.nih.gov/pmc/articles/PMC9502502/
Biofilm formation of Pseudomonas aeruginosa in spaceflight is minimized on lubricant impregnated surfaces.,https://www.ncbi.nlm.nih.gov/pmc/articles/PMC10432549/
Competitive Growth Assay of Mutagenized Chlamydomonas reinhardtii Compatible With the International Space Station Veggie Plant Growth Chamber.,https://www.ncbi.nlm.nih.gov/pmc/articles/PMC7261848/
Spatial Characterization of Microbial Communities on Multi-Species Leafy Greens Grown Simultaneously in the Vegetable Production Systems on the International Space Station,https://www.ncbi.nlm.nih.gov/pmc/articles/PMC8537831/
Response of Arabidopsis thaliana and Mizuna mustard seeds to simulated space radiation exposures.,https://www.ncbi.nlm.nih.gov/pmc/articles/PMC8879990/
Editorial: Revisiting the limits of plant life - plant adaptations to extreme terrestrial environments relating to astrobiology and space biology.,https://www.ncbi.nlm.nih.gov/pmc/articles/PMC10472590/
Metagenomic interrogation of urban Superfund site reveals antimicrobial resistance reservoir and bioremediation potential.,https://www.ncbi.nlm.nih.gov/pmc/articles/PMC11999716/
"In situ monitoring of barrier function on-chip via automated, non-invasive luminescence sensing.",https://www.ncbi.nlm.nih.gov/pmc/articles/PMC11969330/
37-day microgravity exposure in 16-week female C57BL/6J mice is associated with bone loss specific to weight-bearing skeletal sites.,https://www.ncbi.nlm.nih.gov/pmc/articles/PMC11940681/
Effects of Space Flight on Inflammasome Activation in the Brain of Mice.,https://www.ncbi.nlm.nih.gov/pmc/articles/PMC11941215/
Immunization induces inflammation in the mouse heart during spaceflight.,https://www.ncbi.nlm.nih.gov/pmc/articles/PMC11892206/
Analyzing the relationship between gene expression and phenotype in space-flown mice using a causal inference machine learning ensemble.,https://www.ncbi.nlm.nih.gov/pmc/articles/PMC11748630/
Sex-specific cardiovascular adaptations to simulated microgravity in Sprague-Dawley rats,https://www.ncbi.nlm.nih.gov/pmc/articles/PMC11659408/
NASA open science data repository: Open science for life in space.,https://www.ncbi.nlm.nih.gov/pmc/articles/PMC11701653/
Artificial gravity attenuates the transcriptomic response to spaceflight in the optic nerve and retina,https://www.ncbi.nlm.nih.gov/pmc/articles/PMC11593819/
Effect of simulated cosmic radiation on cytomegalovirus reactivation and lytic replication.,https://www.ncbi.nlm.nih.gov/pmc/articles/PMC11477029/
Protein kinase 2 of the giant sarcomeric protein UNC-89 regulates mitochondrial morphology and function.,https://www.ncbi.nlm.nih.gov/pmc/articles/PMC11487192/
To boldly go where no microRNAs have gone before: Spaceflight impact on risk for small-for-gestational-age infants.,https://www.ncbi.nlm.nih.gov/pmc/articles/PMC11484870/
Adaptation to space conditions of novel bacterial species isolated from the International Space Station revealed by functional gene annotations and comparative genome analysis.,https://www.ncbi.nlm.nih.gov/pmc/articles/PMC11451251/
Celebrating 30 years of access to NASA space life sciences data.,https://www.ncbi.nlm.nih.gov/pmc/articles/PMC11403809/
Predicting how varying moisture conditions impact the microbiome of dust collected from the International Space Station.,https://www.ncbi.nlm.nih.gov/pmc/articles/PMC11386075/
Spaceflight alters host-gut microbiota interactions.,https://www.ncbi.nlm.nih.gov/pmc/articles/PMC11362537/
Discoveries from human stem cell research in space that are relevant to advancing cellular therapies on Earth.,https://www.ncbi.nlm.nih.gov/pmc/articles/PMC11339457/
Simulated microgravity impairs human NK [natural killer] cell cytotoxic activity against space radiation-relevant leukemic cells.,https://www.ncbi.nlm.nih.gov/pmc/articles/PMC11324864/
Simulated microgravity alters gene regulation linked to immunity and cardiovascular disease.,https://www.ncbi.nlm.nih.gov/pmc/articles/PMC11353732/
Spaceflight increases sarcoplasmic reticulum Ca2+ leak and this cannot be counteracted with BuOE treatment,https://www.ncbi.nlm.nih.gov/pmc/articles/PMC11271499/